run_id,generated_utc,version,status,symbol,timeframe,decision_id,decision_side,decision_score,primary_root_cause,root_cause_direction,root_cause_confidence,root_cause_probability_pct,root_cause_evidence_quality,root_cause_verdict,evidence_total,official_evidence_total,narrative_label,narrative_direction,narrative_theme,causal_primary_cause,catalyst_score
root_cause_20260710_112910,2026-07-10T11:29:10.875749+00:00,v8.1.0,ROOT_CAUSE_MIXED_WITH_CONTRADICTIONS,BTC/USDT,4h,8782f6983beb22b1,LONG,75,MACRO_POLICY_PRESSURE,BEARISH,MEDIUM,45.74,HIGH,PROBABLE_CAUSE_BUT_CONFLICTED,15,11,MIXED_NARRATIVE_CONFLICT,BEARISH,MACRO_POLICY,MULTI_SOURCE_EVENT_CONSENSUS,54
root_cause_20260710_112918,2026-07-10T11:29:18.661309+00:00,v8.1.0,ROOT_CAUSE_MIXED_WITH_CONTRADICTIONS,BTC/USDT,4h,8782f6983beb22b1,LONG,75,MACRO_POLICY_PRESSURE,BEARISH,MEDIUM,45.74,HIGH,PROBABLE_CAUSE_BUT_CONFLICTED,15,11,MIXED_NARRATIVE_CONFLICT,BEARISH,MACRO_POLICY,MULTI_SOURCE_EVENT_CONSENSUS,54
root_cause_20260710_112931,2026-07-10T11:29:31.741160+00:00,v8.1.0,ROOT_CAUSE_MIXED_WITH_CONTRADICTIONS,BTC/USDT,4h,8782f6983beb22b1,LONG,75,MACRO_POLICY_PRESSURE,BEARISH,MEDIUM,45.74,HIGH,PROBABLE_CAUSE_BUT_CONFLICTED,15,11,MIXED_NARRATIVE_CONFLICT,BEARISH,MACRO_POLICY,MULTI_SOURCE_EVENT_CONSENSUS,54
root_cause_20260710_112943,2026-07-10T11:29:43.591086+00:00,v8.1.0,ROOT_CAUSE_MIXED_WITH_CONTRADICTIONS,BTC/USDT,4h,8782f6983beb22b1,LONG,75,MACRO_POLICY_PRESSURE,BEARISH,MEDIUM,45.74,HIGH,PROBABLE_CAUSE_BUT_CONFLICTED,15,11,MIXED_NARRATIVE_CONFLICT,BEARISH,MACRO_POLICY,MULTI_SOURCE_EVENT_CONSENSUS,54
root_cause_20260710_181124,2026-07-10T18:11:24.837931+00:00,v8.1.0,ROOT_CAUSE_MIXED_WITH_CONTRADICTIONS,BTC/USDT,4h,503dadce97c9976f,LONG,47,MACRO_POLICY_PRESSURE,BEARISH,MEDIUM,44.17,HIGH,PROBABLE_CAUSE_BUT_CONFLICTED,16,12,MIXED_NARRATIVE_CONFLICT,BEARISH,MACRO_POLICY,MULTI_SOURCE_EVENT_CONSENSUS,33
root_cause_20260710_181132,2026-07-10T18:11:32.686744+00:00,v8.1.0,ROOT_CAUSE_MIXED_WITH_CONTRADICTIONS,BTC/USDT,4h,503dadce97c9976f,LONG,47,MACRO_POLICY_PRESSURE,BEARISH,MEDIUM,44.17,HIGH,PROBABLE_CAUSE_BUT_CONFLICTED,16,12,MIXED_NARRATIVE_CONFLICT,BEARISH,MACRO_POLICY,MULTI_SOURCE_EVENT_CONSENSUS,33
root_cause_20260710_181145,2026-07-10T18:11:45.335931+00:00,v8.1.0,ROOT_CAUSE_MIXED_WITH_CONTRADICTIONS,BTC/USDT,4h,503dadce97c9976f,LONG,47,MACRO_POLICY_PRESSURE,BEARISH,MEDIUM,44.17,HIGH,PROBABLE_CAUSE_BUT_CONFLICTED,16,12,MIXED_NARRATIVE_CONFLICT,BEARISH,MACRO_POLICY,MULTI_SOURCE_EVENT_CONSENSUS,33
root_cause_20260710_181157,2026-07-10T18:11:57.483537+00:00,v8.1.0,ROOT_CAUSE_MIXED_WITH_CONTRADICTIONS,BTC/USDT,4h,503dadce97c9976f,LONG,47,MACRO_POLICY_PRESSURE,BEARISH,MEDIUM,44.17,HIGH,PROBABLE_CAUSE_BUT_CONFLICTED,16,12,MIXED_NARRATIVE_CONFLICT,BEARISH,MACRO_POLICY,MULTI_SOURCE_EVENT_CONSENSUS,33
root_cause_20260710_233813,2026-07-10T23:38:13.767157+00:00,v8.1.0,ROOT_CAUSE_MIXED_WITH_CONTRADICTIONS,BTC/USDT,4h,b02ae7fe2b105ae9,NEUTRAL,35,MACRO_POLICY_PRESSURE,BEARISH,MEDIUM,42.35,HIGH,PROBABLE_CAUSE_BUT_CONFLICTED,16,12,MIXED_NARRATIVE_CONFLICT,BEARISH,MACRO_POLICY,MULTI_SOURCE_EVENT_CONSENSUS,40
root_cause_20260710_233822,2026-07-10T23:38:22.833175+00:00,v8.1.0,ROOT_CAUSE_MIXED_WITH_CONTRADICTIONS,BTC/USDT,4h,b02ae7fe2b105ae9,NEUTRAL,35,MACRO_POLICY_PRESSURE,BEARISH,MEDIUM,42.35,HIGH,PROBABLE_CAUSE_BUT_CONFLICTED,16,12,MIXED_NARRATIVE_CONFLICT,BEARISH,MACRO_POLICY,MULTI_SOURCE_EVENT_CONSENSUS,40
root_cause_20260710_233832,2026-07-10T23:38:32.476955+00:00,v8.1.0,ROOT_CAUSE_MIXED_WITH_CONTRADICTIONS,BTC/USDT,4h,b02ae7fe2b105ae9,NEUTRAL,35,MACRO_POLICY_PRESSURE,BEARISH,MEDIUM,42.35,HIGH,PROBABLE_CAUSE_BUT_CONFLICTED,16,12,MIXED_NARRATIVE_CONFLICT,BEARISH,MACRO_POLICY,MULTI_SOURCE_EVENT_CONSENSUS,40
root_cause_20260710_233843,2026-07-10T23:38:43.969779+00:00,v8.1.0,ROOT_CAUSE_MIXED_WITH_CONTRADICTIONS,BTC/USDT,4h,b02ae7fe2b105ae9,NEUTRAL,35,MACRO_POLICY_PRESSURE,BEARISH,MEDIUM,42.34,HIGH,PROBABLE_CAUSE_BUT_CONFLICTED,16,12,MIXED_NARRATIVE_CONFLICT,BEARISH,MACRO_POLICY,MULTI_SOURCE_EVENT_CONSENSUS,40
root_cause_20260711_072634,2026-07-11T07:26:34.321295+00:00,v8.1.0,ROOT_CAUSE_MIXED_WITH_CONTRADICTIONS,BTC/USDT,4h,3a81916cf067dc15,LONG,62,MACRO_POLICY_PRESSURE,BEARISH,MEDIUM,41.81,HIGH,PROBABLE_CAUSE_BUT_CONFLICTED,16,12,MIXED_NARRATIVE_CONFLICT,BEARISH,MACRO_POLICY,MULTI_SOURCE_EVENT_CONSENSUS,44
root_cause_20260711_072642,2026-07-11T07:26:42.208255+00:00,v8.1.0,ROOT_CAUSE_MIXED_WITH_CONTRADICTIONS,BTC/USDT,4h,3a81916cf067dc15,LONG,62,MACRO_POLICY_PRESSURE,BEARISH,MEDIUM,41.81,HIGH,PROBABLE_CAUSE_BUT_CONFLICTED,16,12,MIXED_NARRATIVE_CONFLICT,BEARISH,MACRO_POLICY,MULTI_SOURCE_EVENT_CONSENSUS,44
root_cause_20260711_072653,2026-07-11T07:26:53.118201+00:00,v8.1.0,ROOT_CAUSE_MIXED_WITH_CONTRADICTIONS,BTC/USDT,4h,3a81916cf067dc15,LONG,62,MACRO_POLICY_PRESSURE,BEARISH,MEDIUM,41.81,HIGH,PROBABLE_CAUSE_BUT_CONFLICTED,16,12,MIXED_NARRATIVE_CONFLICT,BEARISH,MACRO_POLICY,MULTI_SOURCE_EVENT_CONSENSUS,44
root_cause_20260711_072705,2026-07-11T07:27:05.271542+00:00,v8.1.0,ROOT_CAUSE_MIXED_WITH_CONTRADICTIONS,BTC/USDT,4h,3a81916cf067dc15,LONG,62,MACRO_POLICY_PRESSURE,BEARISH,MEDIUM,41.81,HIGH,PROBABLE_CAUSE_BUT_CONFLICTED,16,12,MIXED_NARRATIVE_CONFLICT,BEARISH,MACRO_POLICY,MULTI_SOURCE_EVENT_CONSENSUS,44
root_cause_20260711_113529,2026-07-11T11:35:29.560331+00:00,v8.1.0,ROOT_CAUSE_MIXED_WITH_CONTRADICTIONS,BTC/USDT,4h,00f41894c0e1eb8c,LONG,47,MACRO_POLICY_PRESSURE,BEARISH,MEDIUM,42.23,HIGH,PROBABLE_CAUSE_BUT_CONFLICTED,16,12,MIXED_NARRATIVE_CONFLICT,BEARISH,MACRO_POLICY,MULTI_SOURCE_EVENT_CONSENSUS,43
root_cause_20260711_113538,2026-07-11T11:35:38.013013+00:00,v8.1.0,ROOT_CAUSE_MIXED_WITH_CONTRADICTIONS,BTC/USDT,4h,00f41894c0e1eb8c,LONG,47,MACRO_POLICY_PRESSURE,BEARISH,MEDIUM,42.23,HIGH,PROBABLE_CAUSE_BUT_CONFLICTED,16,12,MIXED_NARRATIVE_CONFLICT,BEARISH,MACRO_POLICY,MULTI_SOURCE_EVENT_CONSENSUS,43
root_cause_20260711_113548,2026-07-11T11:35:48.124179+00:00,v8.1.0,ROOT_CAUSE_MIXED_WITH_CONTRADICTIONS,BTC/USDT,4h,00f41894c0e1eb8c,LONG,47,MACRO_POLICY_PRESSURE,BEARISH,MEDIUM,42.23,HIGH,PROBABLE_CAUSE_BUT_CONFLICTED,16,12,MIXED_NARRATIVE_CONFLICT,BEARISH,MACRO_POLICY,MULTI_SOURCE_EVENT_CONSENSUS,43
root_cause_20260711_113559,2026-07-11T11:35:59.974203+00:00,v8.1.0,ROOT_CAUSE_MIXED_WITH_CONTRADICTIONS,BTC/USDT,4h,00f41894c0e1eb8c,LONG,47,MACRO_POLICY_PRESSURE,BEARISH,MEDIUM,42.23,HIGH,PROBABLE_CAUSE_BUT_CONFLICTED,16,12,MIXED_NARRATIVE_CONFLICT,BEARISH,MACRO_POLICY,MULTI_SOURCE_EVENT_CONSENSUS,43
root_cause_20260711_153709,2026-07-11T15:37:09.665189+00:00,v8.1.0,ROOT_CAUSE_MIXED_WITH_CONTRADICTIONS,BTC/USDT,4h,bd63b27e00fa757b,LONG,72,MACRO_POLICY_PRESSURE,BEARISH,MEDIUM,42.29,HIGH,PROBABLE_CAUSE_BUT_CONFLICTED,16,12,MIXED_NARRATIVE_CONFLICT,BEARISH,MACRO_POLICY,MULTI_SOURCE_EVENT_CONSENSUS,46
root_cause_20260711_153717,2026-07-11T15:37:17.786560+00:00,v8.1.0,ROOT_CAUSE_MIXED_WITH_CONTRADICTIONS,BTC/USDT,4h,bd63b27e00fa757b,LONG,72,MACRO_POLICY_PRESSURE,BEARISH,MEDIUM,42.29,HIGH,PROBABLE_CAUSE_BUT_CONFLICTED,16,12,MIXED_NARRATIVE_CONFLICT,BEARISH,MACRO_POLICY,MULTI_SOURCE_EVENT_CONSENSUS,46
root_cause_20260711_153728,2026-07-11T15:37:28.039978+00:00,v8.1.0,ROOT_CAUSE_MIXED_WITH_CONTRADICTIONS,BTC/USDT,4h,bd63b27e00fa757b,LONG,72,MACRO_POLICY_PRESSURE,BEARISH,MEDIUM,42.29,HIGH,PROBABLE_CAUSE_BUT_CONFLICTED,16,12,MIXED_NARRATIVE_CONFLICT,BEARISH,MACRO_POLICY,MULTI_SOURCE_EVENT_CONSENSUS,46
root_cause_20260711_153738,2026-07-11T15:37:38.966969+00:00,v8.1.0,ROOT_CAUSE_MIXED_WITH_CONTRADICTIONS,BTC/USDT,4h,bd63b27e00fa757b,LONG,72,MACRO_POLICY_PRESSURE,BEARISH,MEDIUM,42.29,HIGH,PROBABLE_CAUSE_BUT_CONFLICTED,16,12,MIXED_NARRATIVE_CONFLICT,BEARISH,MACRO_POLICY,MULTI_SOURCE_EVENT_CONSENSUS,46
root_cause_20260711_201056,2026-07-11T20:10:56.902720+00:00,v8.1.0,ROOT_CAUSE_MIXED_WITH_CONTRADICTIONS,BTC/USDT,4h,264ad8f589baac98,LONG,67,MACRO_POLICY_PRESSURE,BEARISH,MEDIUM,42.61,HIGH,PROBABLE_CAUSE_BUT_CONFLICTED,16,12,MIXED_NARRATIVE_CONFLICT,BEARISH,MACRO_POLICY,MULTI_SOURCE_EVENT_CONSENSUS,47
root_cause_20260711_201104,2026-07-11T20:11:04.822838+00:00,v8.1.0,ROOT_CAUSE_MIXED_WITH_CONTRADICTIONS,BTC/USDT,4h,264ad8f589baac98,LONG,67,MACRO_POLICY_PRESSURE,BEARISH,MEDIUM,42.61,HIGH,PROBABLE_CAUSE_BUT_CONFLICTED,16,12,MIXED_NARRATIVE_CONFLICT,BEARISH,MACRO_POLICY,MULTI_SOURCE_EVENT_CONSENSUS,47
root_cause_20260711_201119,2026-07-11T20:11:19.279242+00:00,v8.1.0,ROOT_CAUSE_MIXED_WITH_CONTRADICTIONS,BTC/USDT,4h,264ad8f589baac98,LONG,67,MACRO_POLICY_PRESSURE,BEARISH,MEDIUM,42.61,HIGH,PROBABLE_CAUSE_BUT_CONFLICTED,16,12,MIXED_NARRATIVE_CONFLICT,BEARISH,MACRO_POLICY,MULTI_SOURCE_EVENT_CONSENSUS,47
root_cause_20260711_201130,2026-07-11T20:11:30.384580+00:00,v8.1.0,ROOT_CAUSE_MIXED_WITH_CONTRADICTIONS,BTC/USDT,4h,264ad8f589baac98,LONG,67,MACRO_POLICY_PRESSURE,BEARISH,MEDIUM,42.61,HIGH,PROBABLE_CAUSE_BUT_CONFLICTED,16,12,MIXED_NARRATIVE_CONFLICT,BEARISH,MACRO_POLICY,MULTI_SOURCE_EVENT_CONSENSUS,47
root_cause_20260711_223427,2026-07-11T22:34:27.767469+00:00,v8.1.0,ROOT_CAUSE_MIXED_WITH_CONTRADICTIONS,BTC/USDT,4h,24d04734856aed0b,LONG,49,MACRO_POLICY_PRESSURE,BEARISH,MEDIUM,42.5,HIGH,PROBABLE_CAUSE_BUT_CONFLICTED,16,12,MIXED_NARRATIVE_CONFLICT,BEARISH,MACRO_POLICY,MULTI_SOURCE_EVENT_CONSENSUS,45
root_cause_20260711_223435,2026-07-11T22:34:35.554066+00:00,v8.1.0,ROOT_CAUSE_MIXED_WITH_CONTRADICTIONS,BTC/USDT,4h,24d04734856aed0b,LONG,49,MACRO_POLICY_PRESSURE,BEARISH,MEDIUM,42.5,HIGH,PROBABLE_CAUSE_BUT_CONFLICTED,16,12,MIXED_NARRATIVE_CONFLICT,BEARISH,MACRO_POLICY,MULTI_SOURCE_EVENT_CONSENSUS,45
root_cause_20260711_223450,2026-07-11T22:34:50.017508+00:00,v8.1.0,ROOT_CAUSE_MIXED_WITH_CONTRADICTIONS,BTC/USDT,4h,24d04734856aed0b,LONG,49,MACRO_POLICY_PRESSURE,BEARISH,MEDIUM,42.5,HIGH,PROBABLE_CAUSE_BUT_CONFLICTED,16,12,MIXED_NARRATIVE_CONFLICT,BEARISH,MACRO_POLICY,MULTI_SOURCE_EVENT_CONSENSUS,45
root_cause_20260711_223501,2026-07-11T22:35:01.416611+00:00,v8.1.0,ROOT_CAUSE_MIXED_WITH_CONTRADICTIONS,BTC/USDT,4h,24d04734856aed0b,LONG,49,MACRO_POLICY_PRESSURE,BEARISH,MEDIUM,42.5,HIGH,PROBABLE_CAUSE_BUT_CONFLICTED,16,12,MIXED_NARRATIVE_CONFLICT,BEARISH,MACRO_POLICY,MULTI_SOURCE_EVENT_CONSENSUS,45
root_cause_20260712_075256,2026-07-12T07:52:56.670405+00:00,v8.1.0,ROOT_CAUSE_MIXED_WITH_CONTRADICTIONS,BTC/USDT,4h,e0163ae62a4873df,LONG,73,MACRO_POLICY_PRESSURE,BEARISH,MEDIUM,42.15,HIGH,PROBABLE_CAUSE_BUT_CONFLICTED,16,12,MIXED_NARRATIVE_CONFLICT,BEARISH,MACRO_POLICY,MULTI_SOURCE_EVENT_CONSENSUS,41
root_cause_20260712_075304,2026-07-12T07:53:04.979518+00:00,v8.1.0,ROOT_CAUSE_MIXED_WITH_CONTRADICTIONS,BTC/USDT,4h,e0163ae62a4873df,LONG,73,MACRO_POLICY_PRESSURE,BEARISH,MEDIUM,42.15,HIGH,PROBABLE_CAUSE_BUT_CONFLICTED,16,12,MIXED_NARRATIVE_CONFLICT,BEARISH,MACRO_POLICY,MULTI_SOURCE_EVENT_CONSENSUS,41
root_cause_20260712_075317,2026-07-12T07:53:17.401896+00:00,v8.1.0,ROOT_CAUSE_MIXED_WITH_CONTRADICTIONS,BTC/USDT,4h,e0163ae62a4873df,LONG,73,MACRO_POLICY_PRESSURE,BEARISH,MEDIUM,42.15,HIGH,PROBABLE_CAUSE_BUT_CONFLICTED,16,12,MIXED_NARRATIVE_CONFLICT,BEARISH,MACRO_POLICY,MULTI_SOURCE_EVENT_CONSENSUS,41
root_cause_20260712_075328,2026-07-12T07:53:28.623816+00:00,v8.1.0,ROOT_CAUSE_MIXED_WITH_CONTRADICTIONS,BTC/USDT,4h,e0163ae62a4873df,LONG,73,MACRO_POLICY_PRESSURE,BEARISH,MEDIUM,42.15,HIGH,PROBABLE_CAUSE_BUT_CONFLICTED,16,12,MIXED_NARRATIVE_CONFLICT,BEARISH,MACRO_POLICY,MULTI_SOURCE_EVENT_CONSENSUS,41
root_cause_20260712_114837,2026-07-12T11:48:37.909588+00:00,v8.1.0,ROOT_CAUSE_MIXED_WITH_CONTRADICTIONS,BTC/USDT,4h,60decbe99ef52ab6,NEUTRAL,18,MACRO_POLICY_PRESSURE,BEARISH,MEDIUM,53.93,HIGH,PROBABLE_CAUSE_BUT_CONFLICTED,14,12,MACRO_POLICY_DOMINANT,BEARISH,MACRO_POLICY,MULTI_SOURCE_EVENT_CONSENSUS,11
root_cause_20260712_114847,2026-07-12T11:48:47.290224+00:00,v8.1.0,ROOT_CAUSE_MIXED_WITH_CONTRADICTIONS,BTC/USDT,4h,60decbe99ef52ab6,NEUTRAL,18,MACRO_POLICY_PRESSURE,BEARISH,MEDIUM,53.93,HIGH,PROBABLE_CAUSE_BUT_CONFLICTED,14,12,MACRO_POLICY_DOMINANT,BEARISH,MACRO_POLICY,MULTI_SOURCE_EVENT_CONSENSUS,11
root_cause_20260712_114858,2026-07-12T11:48:58.217343+00:00,v8.1.0,ROOT_CAUSE_MIXED_WITH_CONTRADICTIONS,BTC/USDT,4h,60decbe99ef52ab6,NEUTRAL,18,MACRO_POLICY_PRESSURE,BEARISH,MEDIUM,53.93,HIGH,PROBABLE_CAUSE_BUT_CONFLICTED,14,12,MACRO_POLICY_DOMINANT,BEARISH,MACRO_POLICY,MULTI_SOURCE_EVENT_CONSENSUS,11
root_cause_20260712_114909,2026-07-12T11:49:09.255779+00:00,v8.1.0,ROOT_CAUSE_MIXED_WITH_CONTRADICTIONS,BTC/USDT,4h,60decbe99ef52ab6,NEUTRAL,18,MACRO_POLICY_PRESSURE,BEARISH,MEDIUM,53.93,HIGH,PROBABLE_CAUSE_BUT_CONFLICTED,14,12,MACRO_POLICY_DOMINANT,BEARISH,MACRO_POLICY,MULTI_SOURCE_EVENT_CONSENSUS,11
root_cause_20260712_154315,2026-07-12T15:43:15.112907+00:00,v8.1.0,ROOT_CAUSE_MIXED_WITH_CONTRADICTIONS,BTC/USDT,4h,73d723a8f7dabe21,NEUTRAL,33,MACRO_POLICY_PRESSURE,BEARISH,MEDIUM,45.72,HIGH,PROBABLE_CAUSE_BUT_CONFLICTED,15,12,MACRO_POLICY_DOMINANT,BEARISH,MACRO_POLICY,MULTI_SOURCE_EVENT_CONSENSUS,25
root_cause_20260712_154322,2026-07-12T15:43:22.724929+00:00,v8.1.0,ROOT_CAUSE_MIXED_WITH_CONTRADICTIONS,BTC/USDT,4h,73d723a8f7dabe21,NEUTRAL,33,MACRO_POLICY_PRESSURE,BEARISH,MEDIUM,45.72,HIGH,PROBABLE_CAUSE_BUT_CONFLICTED,15,12,MACRO_POLICY_DOMINANT,BEARISH,MACRO_POLICY,MULTI_SOURCE_EVENT_CONSENSUS,25
root_cause_20260712_154333,2026-07-12T15:43:33.445193+00:00,v8.1.0,ROOT_CAUSE_MIXED_WITH_CONTRADICTIONS,BTC/USDT,4h,73d723a8f7dabe21,NEUTRAL,33,MACRO_POLICY_PRESSURE,BEARISH,MEDIUM,45.72,HIGH,PROBABLE_CAUSE_BUT_CONFLICTED,15,12,MACRO_POLICY_DOMINANT,BEARISH,MACRO_POLICY,MULTI_SOURCE_EVENT_CONSENSUS,25
root_cause_20260712_154344,2026-07-12T15:43:44.864084+00:00,v8.1.0,ROOT_CAUSE_MIXED_WITH_CONTRADICTIONS,BTC/USDT,4h,73d723a8f7dabe21,NEUTRAL,33,MACRO_POLICY_PRESSURE,BEARISH,MEDIUM,45.72,HIGH,PROBABLE_CAUSE_BUT_CONFLICTED,15,12,MACRO_POLICY_DOMINANT,BEARISH,MACRO_POLICY,MULTI_SOURCE_EVENT_CONSENSUS,25
root_cause_20260712_201024,2026-07-12T20:10:24.705117+00:00,v8.1.0,ROOT_CAUSE_MIXED_WITH_CONTRADICTIONS,BTC/USDT,4h,167a3ebec29a4bdd,NEUTRAL,36,MACRO_POLICY_PRESSURE,BEARISH,MEDIUM,44.71,HIGH,PROBABLE_CAUSE_BUT_CONFLICTED,15,12,MACRO_POLICY_DOMINANT,BEARISH,MACRO_POLICY,MULTI_SOURCE_EVENT_CONSENSUS,25
root_cause_20260712_201034,2026-07-12T20:10:34.660921+00:00,v8.1.0,ROOT_CAUSE_MIXED_WITH_CONTRADICTIONS,BTC/USDT,4h,167a3ebec29a4bdd,NEUTRAL,36,MACRO_POLICY_PRESSURE,BEARISH,MEDIUM,44.71,HIGH,PROBABLE_CAUSE_BUT_CONFLICTED,15,12,MACRO_POLICY_DOMINANT,BEARISH,MACRO_POLICY,MULTI_SOURCE_EVENT_CONSENSUS,25
root_cause_20260712_201045,2026-07-12T20:10:45.186449+00:00,v8.1.0,ROOT_CAUSE_MIXED_WITH_CONTRADICTIONS,BTC/USDT,4h,167a3ebec29a4bdd,NEUTRAL,36,MACRO_POLICY_PRESSURE,BEARISH,MEDIUM,44.71,HIGH,PROBABLE_CAUSE_BUT_CONFLICTED,15,12,MACRO_POLICY_DOMINANT,BEARISH,MACRO_POLICY,MULTI_SOURCE_EVENT_CONSENSUS,25
root_cause_20260712_201056,2026-07-12T20:10:56.590395+00:00,v8.1.0,ROOT_CAUSE_MIXED_WITH_CONTRADICTIONS,BTC/USDT,4h,167a3ebec29a4bdd,NEUTRAL,36,MACRO_POLICY_PRESSURE,BEARISH,MEDIUM,44.71,HIGH,PROBABLE_CAUSE_BUT_CONFLICTED,15,12,MACRO_POLICY_DOMINANT,BEARISH,MACRO_POLICY,MULTI_SOURCE_EVENT_CONSENSUS,25
root_cause_20260712_231418,2026-07-12T23:14:18.504351+00:00,v8.1.0,ROOT_CAUSE_MIXED_WITH_CONTRADICTIONS,BTC/USDT,4h,167a3ebec29a4bdd,NEUTRAL,36,MACRO_POLICY_PRESSURE,BEARISH,MEDIUM,44.68,HIGH,PROBABLE_CAUSE_BUT_CONFLICTED,15,12,MACRO_POLICY_DOMINANT,BEARISH,MACRO_POLICY,MULTI_SOURCE_EVENT_CONSENSUS,25
root_cause_20260712_231426,2026-07-12T23:14:26.905110+00:00,v8.1.0,ROOT_CAUSE_MIXED_WITH_CONTRADICTIONS,BTC/USDT,4h,167a3ebec29a4bdd,NEUTRAL,36,MACRO_POLICY_PRESSURE,BEARISH,MEDIUM,44.68,HIGH,PROBABLE_CAUSE_BUT_CONFLICTED,15,12,MACRO_POLICY_DOMINANT,BEARISH,MACRO_POLICY,MULTI_SOURCE_EVENT_CONSENSUS,25
root_cause_20260712_231437,2026-07-12T23:14:37.546062+00:00,v8.1.0,ROOT_CAUSE_MIXED_WITH_CONTRADICTIONS,BTC/USDT,4h,167a3ebec29a4bdd,NEUTRAL,36,MACRO_POLICY_PRESSURE,BEARISH,MEDIUM,44.68,HIGH,PROBABLE_CAUSE_BUT_CONFLICTED,15,12,MACRO_POLICY_DOMINANT,BEARISH,MACRO_POLICY,MULTI_SOURCE_EVENT_CONSENSUS,25
root_cause_20260712_231449,2026-07-12T23:14:49.083496+00:00,v8.1.0,ROOT_CAUSE_MIXED_WITH_CONTRADICTIONS,BTC/USDT,4h,167a3ebec29a4bdd,NEUTRAL,36,MACRO_POLICY_PRESSURE,BEARISH,MEDIUM,44.68,HIGH,PROBABLE_CAUSE_BUT_CONFLICTED,15,12,MACRO_POLICY_DOMINANT,BEARISH,MACRO_POLICY,MULTI_SOURCE_EVENT_CONSENSUS,25
root_cause_20260713_114549,2026-07-13T11:45:49.614429+00:00,v8.1.0,ROOT_CAUSE_MIXED_WITH_CONTRADICTIONS,BTC/USDT,4h,dc38b3076363d2d6,SHORT,57,MACRO_POLICY_PRESSURE,BEARISH,MEDIUM,45.4,HIGH,PROBABLE_CAUSE_BUT_CONFLICTED,17,13,MACRO_POLICY_DOMINANT,BEARISH,MACRO_POLICY,MULTI_SOURCE_EVENT_CONSENSUS,6
root_cause_20260713_114557,2026-07-13T11:45:57.478343+00:00,v8.1.0,ROOT_CAUSE_MIXED_WITH_CONTRADICTIONS,BTC/USDT,4h,dc38b3076363d2d6,SHORT,57,MACRO_POLICY_PRESSURE,BEARISH,MEDIUM,45.4,HIGH,PROBABLE_CAUSE_BUT_CONFLICTED,17,13,MACRO_POLICY_DOMINANT,BEARISH,MACRO_POLICY,MULTI_SOURCE_EVENT_CONSENSUS,6
root_cause_20260713_114611,2026-07-13T11:46:11.684518+00:00,v8.1.0,ROOT_CAUSE_MIXED_WITH_CONTRADICTIONS,BTC/USDT,4h,dc38b3076363d2d6,SHORT,57,MACRO_POLICY_PRESSURE,BEARISH,MEDIUM,45.4,HIGH,PROBABLE_CAUSE_BUT_CONFLICTED,17,13,MACRO_POLICY_DOMINANT,BEARISH,MACRO_POLICY,MULTI_SOURCE_EVENT_CONSENSUS,6
root_cause_20260713_114622,2026-07-13T11:46:22.516683+00:00,v8.1.0,ROOT_CAUSE_MIXED_WITH_CONTRADICTIONS,BTC/USDT,4h,dc38b3076363d2d6,SHORT,57,MACRO_POLICY_PRESSURE,BEARISH,MEDIUM,45.4,HIGH,PROBABLE_CAUSE_BUT_CONFLICTED,17,13,MACRO_POLICY_DOMINANT,BEARISH,MACRO_POLICY,MULTI_SOURCE_EVENT_CONSENSUS,6
root_cause_20260713_182312,2026-07-13T18:23:12.968064+00:00,v8.1.0,ROOT_CAUSE_MIXED_WITH_CONTRADICTIONS,BTC/USDT,4h,2a6bfe932d977c20,NEUTRAL,46,MACRO_POLICY_PRESSURE,BEARISH,MEDIUM,51.99,HIGH,PROBABLE_CAUSE_BUT_CONFLICTED,16,13,MACRO_POLICY_DOMINANT,BEARISH,MACRO_POLICY,MULTI_SOURCE_EVENT_CONSENSUS,12
root_cause_20260713_182320,2026-07-13T18:23:20.335004+00:00,v8.1.0,ROOT_CAUSE_MIXED_WITH_CONTRADICTIONS,BTC/USDT,4h,2a6bfe932d977c20,NEUTRAL,46,MACRO_POLICY_PRESSURE,BEARISH,MEDIUM,51.99,HIGH,PROBABLE_CAUSE_BUT_CONFLICTED,16,13,MACRO_POLICY_DOMINANT,BEARISH,MACRO_POLICY,MULTI_SOURCE_EVENT_CONSENSUS,12
root_cause_20260713_182334,2026-07-13T18:23:34.237154+00:00,v8.1.0,ROOT_CAUSE_MIXED_WITH_CONTRADICTIONS,BTC/USDT,4h,2a6bfe932d977c20,NEUTRAL,46,MACRO_POLICY_PRESSURE,BEARISH,MEDIUM,51.99,HIGH,PROBABLE_CAUSE_BUT_CONFLICTED,16,13,MACRO_POLICY_DOMINANT,BEARISH,MACRO_POLICY,MULTI_SOURCE_EVENT_CONSENSUS,12
root_cause_20260713_182345,2026-07-13T18:23:45.222263+00:00,v8.1.0,ROOT_CAUSE_MIXED_WITH_CONTRADICTIONS,BTC/USDT,4h,2a6bfe932d977c20,NEUTRAL,46,MACRO_POLICY_PRESSURE,BEARISH,MEDIUM,51.99,HIGH,PROBABLE_CAUSE_BUT_CONFLICTED,16,13,MACRO_POLICY_DOMINANT,BEARISH,MACRO_POLICY,MULTI_SOURCE_EVENT_CONSENSUS,12
root_cause_20260713_233111,2026-07-13T23:31:11.414029+00:00,v8.1.0,ROOT_CAUSE_MIXED_WITH_CONTRADICTIONS,BTC/USDT,4h,c6a6ca52908a9047,NEUTRAL,45,MACRO_POLICY_PRESSURE,BEARISH,MEDIUM,54.85,HIGH,PROBABLE_CAUSE_BUT_CONFLICTED,15,12,MACRO_POLICY_DOMINANT,BEARISH,MACRO_POLICY,MULTI_SOURCE_EVENT_CONSENSUS,14
root_cause_20260713_233119,2026-07-13T23:31:19.541261+00:00,v8.1.0,ROOT_CAUSE_MIXED_WITH_CONTRADICTIONS,BTC/USDT,4h,c6a6ca52908a9047,NEUTRAL,45,MACRO_POLICY_PRESSURE,BEARISH,MEDIUM,54.85,HIGH,PROBABLE_CAUSE_BUT_CONFLICTED,15,12,MACRO_POLICY_DOMINANT,BEARISH,MACRO_POLICY,MULTI_SOURCE_EVENT_CONSENSUS,14
root_cause_20260713_233134,2026-07-13T23:31:34.806992+00:00,v8.1.0,ROOT_CAUSE_MIXED_WITH_CONTRADICTIONS,BTC/USDT,4h,c6a6ca52908a9047,NEUTRAL,45,MACRO_POLICY_PRESSURE,BEARISH,MEDIUM,54.85,HIGH,PROBABLE_CAUSE_BUT_CONFLICTED,15,12,MACRO_POLICY_DOMINANT,BEARISH,MACRO_POLICY,MULTI_SOURCE_EVENT_CONSENSUS,14
root_cause_20260713_233145,2026-07-13T23:31:45.379913+00:00,v8.1.0,ROOT_CAUSE_MIXED_WITH_CONTRADICTIONS,BTC/USDT,4h,c6a6ca52908a9047,NEUTRAL,45,MACRO_POLICY_PRESSURE,BEARISH,MEDIUM,54.85,HIGH,PROBABLE_CAUSE_BUT_CONFLICTED,15,12,MACRO_POLICY_DOMINANT,BEARISH,MACRO_POLICY,MULTI_SOURCE_EVENT_CONSENSUS,14
root_cause_20260714_072741,2026-07-14T07:27:41.727275+00:00,v8.1.0,ROOT_CAUSE_MIXED_WITH_CONTRADICTIONS,BTC/USDT,4h,184605283f795b80,NEUTRAL,33,MACRO_POLICY_PRESSURE,BEARISH,MEDIUM,54.63,HIGH,PROBABLE_CAUSE_BUT_CONFLICTED,15,12,MACRO_POLICY_DOMINANT,BEARISH,MACRO_POLICY,MULTI_SOURCE_EVENT_CONSENSUS,19
root_cause_20260714_072750,2026-07-14T07:27:50.151198+00:00,v8.1.0,ROOT_CAUSE_MIXED_WITH_CONTRADICTIONS,BTC/USDT,4h,184605283f795b80,NEUTRAL,33,MACRO_POLICY_PRESSURE,BEARISH,MEDIUM,54.63,HIGH,PROBABLE_CAUSE_BUT_CONFLICTED,15,12,MACRO_POLICY_DOMINANT,BEARISH,MACRO_POLICY,MULTI_SOURCE_EVENT_CONSENSUS,19
root_cause_20260714_072800,2026-07-14T07:28:00.616671+00:00,v8.1.0,ROOT_CAUSE_MIXED_WITH_CONTRADICTIONS,BTC/USDT,4h,184605283f795b80,NEUTRAL,33,MACRO_POLICY_PRESSURE,BEARISH,MEDIUM,54.63,HIGH,PROBABLE_CAUSE_BUT_CONFLICTED,15,12,MACRO_POLICY_DOMINANT,BEARISH,MACRO_POLICY,MULTI_SOURCE_EVENT_CONSENSUS,19
root_cause_20260714_072811,2026-07-14T07:28:11.296937+00:00,v8.1.0,ROOT_CAUSE_MIXED_WITH_CONTRADICTIONS,BTC/USDT,4h,184605283f795b80,NEUTRAL,33,MACRO_POLICY_PRESSURE,BEARISH,MEDIUM,54.63,HIGH,PROBABLE_CAUSE_BUT_CONFLICTED,15,12,MACRO_POLICY_DOMINANT,BEARISH,MACRO_POLICY,MULTI_SOURCE_EVENT_CONSENSUS,19
root_cause_20260714_125224,2026-07-14T12:52:24.393034+00:00,v8.1.0,ROOT_CAUSE_MIXED_WITH_CONTRADICTIONS,BTC/USDT,4h,e534f28fd7ae0e53,NEUTRAL,24,MACRO_POLICY_PRESSURE,BEARISH,MEDIUM,50.96,HIGH,PROBABLE_CAUSE_BUT_CONFLICTED,14,11,MACRO_POLICY_DOMINANT,BEARISH,MACRO_POLICY,MULTI_SOURCE_EVENT_CONSENSUS,25
root_cause_20260714_125232,2026-07-14T12:52:32.266381+00:00,v8.1.0,ROOT_CAUSE_MIXED_WITH_CONTRADICTIONS,BTC/USDT,4h,e534f28fd7ae0e53,NEUTRAL,24,MACRO_POLICY_PRESSURE,BEARISH,MEDIUM,50.96,HIGH,PROBABLE_CAUSE_BUT_CONFLICTED,14,11,MACRO_POLICY_DOMINANT,BEARISH,MACRO_POLICY,MULTI_SOURCE_EVENT_CONSENSUS,25
root_cause_20260714_125243,2026-07-14T12:52:43.545851+00:00,v8.1.0,ROOT_CAUSE_MIXED_WITH_CONTRADICTIONS,BTC/USDT,4h,e534f28fd7ae0e53,NEUTRAL,24,MACRO_POLICY_PRESSURE,BEARISH,MEDIUM,50.96,HIGH,PROBABLE_CAUSE_BUT_CONFLICTED,14,11,MACRO_POLICY_DOMINANT,BEARISH,MACRO_POLICY,MULTI_SOURCE_EVENT_CONSENSUS,25
root_cause_20260714_125254,2026-07-14T12:52:54.231349+00:00,v8.1.0,ROOT_CAUSE_MIXED_WITH_CONTRADICTIONS,BTC/USDT,4h,e534f28fd7ae0e53,NEUTRAL,24,MACRO_POLICY_PRESSURE,BEARISH,MEDIUM,50.96,HIGH,PROBABLE_CAUSE_BUT_CONFLICTED,14,11,MACRO_POLICY_DOMINANT,BEARISH,MACRO_POLICY,MULTI_SOURCE_EVENT_CONSENSUS,25
root_cause_20260714_203506,2026-07-14T20:35:06.429297+00:00,v8.1.0,ROOT_CAUSE_MIXED_WITH_CONTRADICTIONS,BTC/USDT,4h,d5e46c8db1efde0a,NEUTRAL,30,MACRO_POLICY_PRESSURE,BEARISH,MEDIUM,60.26,HIGH,PROBABLE_CAUSE_BUT_CONFLICTED,15,12,MACRO_POLICY_DOMINANT,BEARISH,MACRO_POLICY,MULTI_SOURCE_EVENT_CONSENSUS,60
root_cause_20260714_203512,2026-07-14T20:35:12.792556+00:00,v8.1.0,ROOT_CAUSE_MIXED_WITH_CONTRADICTIONS,BTC/USDT,4h,d5e46c8db1efde0a,NEUTRAL,30,MACRO_POLICY_PRESSURE,BEARISH,MEDIUM,60.26,HIGH,PROBABLE_CAUSE_BUT_CONFLICTED,15,12,MACRO_POLICY_DOMINANT,BEARISH,MACRO_POLICY,MULTI_SOURCE_EVENT_CONSENSUS,60
root_cause_20260714_203525,2026-07-14T20:35:25.849123+00:00,v8.1.0,ROOT_CAUSE_MIXED_WITH_CONTRADICTIONS,BTC/USDT,4h,d5e46c8db1efde0a,NEUTRAL,30,MACRO_POLICY_PRESSURE,BEARISH,MEDIUM,60.26,HIGH,PROBABLE_CAUSE_BUT_CONFLICTED,15,12,MACRO_POLICY_DOMINANT,BEARISH,MACRO_POLICY,MULTI_SOURCE_EVENT_CONSENSUS,60
root_cause_20260714_203538,2026-07-14T20:35:38.133249+00:00,v8.1.0,ROOT_CAUSE_MIXED_WITH_CONTRADICTIONS,BTC/USDT,4h,d5e46c8db1efde0a,NEUTRAL,30,MACRO_POLICY_PRESSURE,BEARISH,MEDIUM,60.26,HIGH,PROBABLE_CAUSE_BUT_CONFLICTED,15,12,MACRO_POLICY_DOMINANT,BEARISH,MACRO_POLICY,MULTI_SOURCE_EVENT_CONSENSUS,60
root_cause_20260715_073225,2026-07-15T07:32:25.921947+00:00,v8.1.0,ROOT_CAUSE_MIXED_WITH_CONTRADICTIONS,BTC/USDT,4h,b13ea6e944e2ae0b,NEUTRAL,29,MACRO_POLICY_PRESSURE,BEARISH,MEDIUM,60.13,HIGH,PROBABLE_CAUSE_BUT_CONFLICTED,15,12,MACRO_POLICY_DOMINANT,BEARISH,MACRO_POLICY,MULTI_SOURCE_EVENT_CONSENSUS,63
root_cause_20260715_073233,2026-07-15T07:32:33.523663+00:00,v8.1.0,ROOT_CAUSE_MIXED_WITH_CONTRADICTIONS,BTC/USDT,4h,b13ea6e944e2ae0b,NEUTRAL,29,MACRO_POLICY_PRESSURE,BEARISH,MEDIUM,60.13,HIGH,PROBABLE_CAUSE_BUT_CONFLICTED,15,12,MACRO_POLICY_DOMINANT,BEARISH,MACRO_POLICY,MULTI_SOURCE_EVENT_CONSENSUS,63
root_cause_20260715_073248,2026-07-15T07:32:48.523059+00:00,v8.1.0,ROOT_CAUSE_MIXED_WITH_CONTRADICTIONS,BTC/USDT,4h,b13ea6e944e2ae0b,NEUTRAL,29,MACRO_POLICY_PRESSURE,BEARISH,MEDIUM,60.13,HIGH,PROBABLE_CAUSE_BUT_CONFLICTED,15,12,MACRO_POLICY_DOMINANT,BEARISH,MACRO_POLICY,MULTI_SOURCE_EVENT_CONSENSUS,63
root_cause_20260715_073259,2026-07-15T07:32:59.680582+00:00,v8.1.0,ROOT_CAUSE_MIXED_WITH_CONTRADICTIONS,BTC/USDT,4h,b13ea6e944e2ae0b,NEUTRAL,29,MACRO_POLICY_PRESSURE,BEARISH,MEDIUM,60.44,HIGH,PROBABLE_CAUSE_BUT_CONFLICTED,15,12,MACRO_POLICY_DOMINANT,BEARISH,MACRO_POLICY,MULTI_SOURCE_EVENT_CONSENSUS,55
root_cause_20260715_125835,2026-07-15T12:58:35.091988+00:00,v8.1.0,ROOT_CAUSE_MIXED_WITH_CONTRADICTIONS,BTC/USDT,4h,8d15d8ed3dba1483,NEUTRAL,49,MACRO_POLICY_PRESSURE,BEARISH,MEDIUM,60.23,HIGH,PROBABLE_CAUSE_BUT_CONFLICTED,15,12,MACRO_POLICY_DOMINANT,BEARISH,MACRO_POLICY,MULTI_SOURCE_EVENT_CONSENSUS,60
root_cause_20260715_125843,2026-07-15T12:58:43.247783+00:00,v8.1.0,ROOT_CAUSE_MIXED_WITH_CONTRADICTIONS,BTC/USDT,4h,8d15d8ed3dba1483,NEUTRAL,49,MACRO_POLICY_PRESSURE,BEARISH,MEDIUM,60.23,HIGH,PROBABLE_CAUSE_BUT_CONFLICTED,15,12,MACRO_POLICY_DOMINANT,BEARISH,MACRO_POLICY,MULTI_SOURCE_EVENT_CONSENSUS,60
root_cause_20260715_125857,2026-07-15T12:58:57.616201+00:00,v8.1.0,ROOT_CAUSE_MIXED_WITH_CONTRADICTIONS,BTC/USDT,4h,8d15d8ed3dba1483,NEUTRAL,49,MACRO_POLICY_PRESSURE,BEARISH,MEDIUM,60.23,HIGH,PROBABLE_CAUSE_BUT_CONFLICTED,15,12,MACRO_POLICY_DOMINANT,BEARISH,MACRO_POLICY,MULTI_SOURCE_EVENT_CONSENSUS,60
root_cause_20260715_125908,2026-07-15T12:59:08.243444+00:00,v8.1.0,ROOT_CAUSE_MIXED_WITH_CONTRADICTIONS,BTC/USDT,4h,8d15d8ed3dba1483,NEUTRAL,49,MACRO_POLICY_PRESSURE,BEARISH,MEDIUM,60.23,HIGH,PROBABLE_CAUSE_BUT_CONFLICTED,15,12,MACRO_POLICY_DOMINANT,BEARISH,MACRO_POLICY,MULTI_SOURCE_EVENT_CONSENSUS,60
root_cause_20260715_201917,2026-07-15T20:19:17.894912+00:00,v8.1.0,ROOT_CAUSE_MIXED_WITH_CONTRADICTIONS,BTC/USDT,4h,305365dd1e8f147a,LONG,69,MACRO_POLICY_PRESSURE,BEARISH,MEDIUM,57.55,HIGH,PROBABLE_CAUSE_BUT_CONFLICTED,15,10,MIXED_NARRATIVE_CONFLICT,BEARISH,MACRO_POLICY,MULTI_SOURCE_EVENT_CONSENSUS,46
root_cause_20260715_201925,2026-07-15T20:19:25.719051+00:00,v8.1.0,ROOT_CAUSE_MIXED_WITH_CONTRADICTIONS,BTC/USDT,4h,305365dd1e8f147a,LONG,69,MACRO_POLICY_PRESSURE,BEARISH,MEDIUM,57.55,HIGH,PROBABLE_CAUSE_BUT_CONFLICTED,15,10,MIXED_NARRATIVE_CONFLICT,BEARISH,MACRO_POLICY,MULTI_SOURCE_EVENT_CONSENSUS,46
root_cause_20260715_201940,2026-07-15T20:19:40.627756+00:00,v8.1.0,ROOT_CAUSE_MIXED_WITH_CONTRADICTIONS,BTC/USDT,4h,305365dd1e8f147a,LONG,69,MACRO_POLICY_PRESSURE,BEARISH,MEDIUM,57.55,HIGH,PROBABLE_CAUSE_BUT_CONFLICTED,15,10,MIXED_NARRATIVE_CONFLICT,BEARISH,MACRO_POLICY,MULTI_SOURCE_EVENT_CONSENSUS,46
root_cause_20260715_201951,2026-07-15T20:19:51.217342+00:00,v8.1.0,ROOT_CAUSE_MIXED_WITH_CONTRADICTIONS,BTC/USDT,4h,305365dd1e8f147a,LONG,69,MACRO_POLICY_PRESSURE,BEARISH,MEDIUM,57.55,HIGH,PROBABLE_CAUSE_BUT_CONFLICTED,15,10,MIXED_NARRATIVE_CONFLICT,BEARISH,MACRO_POLICY,MULTI_SOURCE_EVENT_CONSENSUS,46
root_cause_20260716_074947,2026-07-16T07:49:47.698199+00:00,v8.1.0,ROOT_CAUSE_PRIMARY_PROBABLE,BTC/USDT,4h,2c326ae272816d94,NEUTRAL,30,MACRO_POLICY_PRESSURE,BEARISH,HIGH,67.96,HIGH,PRIMARY_PROBABLE_ROOT_CAUSE,13,10,MACRO_POLICY_DOMINANT,BEARISH,MACRO_POLICY,MULTI_SOURCE_EVENT_CONSENSUS,46
root_cause_20260716_074955,2026-07-16T07:49:55.267302+00:00,v8.1.0,ROOT_CAUSE_PRIMARY_PROBABLE,BTC/USDT,4h,2c326ae272816d94,NEUTRAL,30,MACRO_POLICY_PRESSURE,BEARISH,HIGH,67.96,HIGH,PRIMARY_PROBABLE_ROOT_CAUSE,13,10,MACRO_POLICY_DOMINANT,BEARISH,MACRO_POLICY,MULTI_SOURCE_EVENT_CONSENSUS,46
root_cause_20260716_075006,2026-07-16T07:50:06.415885+00:00,v8.1.0,ROOT_CAUSE_PRIMARY_PROBABLE,BTC/USDT,4h,2c326ae272816d94,NEUTRAL,30,MACRO_POLICY_PRESSURE,BEARISH,HIGH,67.96,HIGH,PRIMARY_PROBABLE_ROOT_CAUSE,13,10,MACRO_POLICY_DOMINANT,BEARISH,MACRO_POLICY,MULTI_SOURCE_EVENT_CONSENSUS,46
root_cause_20260716_075017,2026-07-16T07:50:17.218848+00:00,v8.1.0,ROOT_CAUSE_PRIMARY_PROBABLE,BTC/USDT,4h,2c326ae272816d94,NEUTRAL,30,MACRO_POLICY_PRESSURE,BEARISH,HIGH,67.96,HIGH,PRIMARY_PROBABLE_ROOT_CAUSE,13,10,MACRO_POLICY_DOMINANT,BEARISH,MACRO_POLICY,MULTI_SOURCE_EVENT_CONSENSUS,46
root_cause_20260716_130851,2026-07-16T13:08:51.202060+00:00,v8.1.0,ROOT_CAUSE_MIXED_WITH_CONTRADICTIONS,BTC/USDT,4h,4b33e11b09ee5d63,NEUTRAL,24,MACRO_POLICY_PRESSURE,BEARISH,MEDIUM,62.84,HIGH,PROBABLE_CAUSE_BUT_CONFLICTED,14,11,MACRO_POLICY_DOMINANT,MIXED_OR_NEUTRAL,MACRO_POLICY,MULTI_SOURCE_EVENT_CONSENSUS,53
root_cause_20260716_130858,2026-07-16T13:08:58.590624+00:00,v8.1.0,ROOT_CAUSE_MIXED_WITH_CONTRADICTIONS,BTC/USDT,4h,4b33e11b09ee5d63,NEUTRAL,24,MACRO_POLICY_PRESSURE,BEARISH,MEDIUM,62.84,HIGH,PROBABLE_CAUSE_BUT_CONFLICTED,14,11,MACRO_POLICY_DOMINANT,MIXED_OR_NEUTRAL,MACRO_POLICY,MULTI_SOURCE_EVENT_CONSENSUS,53
root_cause_20260716_130913,2026-07-16T13:09:13.158123+00:00,v8.1.0,ROOT_CAUSE_MIXED_WITH_CONTRADICTIONS,BTC/USDT,4h,4b33e11b09ee5d63,NEUTRAL,24,MACRO_POLICY_PRESSURE,BEARISH,MEDIUM,62.84,HIGH,PROBABLE_CAUSE_BUT_CONFLICTED,14,11,MACRO_POLICY_DOMINANT,MIXED_OR_NEUTRAL,MACRO_POLICY,MULTI_SOURCE_EVENT_CONSENSUS,53
root_cause_20260716_130923,2026-07-16T13:09:23.785583+00:00,v8.1.0,ROOT_CAUSE_MIXED_WITH_CONTRADICTIONS,BTC/USDT,4h,4b33e11b09ee5d63,NEUTRAL,24,MACRO_POLICY_PRESSURE,BEARISH,MEDIUM,62.84,HIGH,PROBABLE_CAUSE_BUT_CONFLICTED,14,11,MACRO_POLICY_DOMINANT,MIXED_OR_NEUTRAL,MACRO_POLICY,MULTI_SOURCE_EVENT_CONSENSUS,53
root_cause_20260716_195321,2026-07-16T19:53:21.155797+00:00,v8.1.0,ROOT_CAUSE_MIXED_WITH_CONTRADICTIONS,BTC/USDT,4h,868534a901188736,LONG,57,MACRO_POLICY_PRESSURE,BEARISH,MEDIUM,55.92,HIGH,PROBABLE_CAUSE_BUT_CONFLICTED,15,10,MIXED_NARRATIVE_CONFLICT,BEARISH,MACRO_POLICY,MULTI_SOURCE_EVENT_CONSENSUS,42
root_cause_20260716_195329,2026-07-16T19:53:29.058635+00:00,v8.1.0,ROOT_CAUSE_MIXED_WITH_CONTRADICTIONS,BTC/USDT,4h,868534a901188736,LONG,57,MACRO_POLICY_PRESSURE,BEARISH,MEDIUM,55.92,HIGH,PROBABLE_CAUSE_BUT_CONFLICTED,15,10,MIXED_NARRATIVE_CONFLICT,BEARISH,MACRO_POLICY,MULTI_SOURCE_EVENT_CONSENSUS,42
root_cause_20260716_195343,2026-07-16T19:53:43.599353+00:00,v8.1.0,ROOT_CAUSE_MIXED_WITH_CONTRADICTIONS,BTC/USDT,4h,868534a901188736,LONG,57,MACRO_POLICY_PRESSURE,BEARISH,MEDIUM,55.92,HIGH,PROBABLE_CAUSE_BUT_CONFLICTED,15,10,MIXED_NARRATIVE_CONFLICT,BEARISH,MACRO_POLICY,MULTI_SOURCE_EVENT_CONSENSUS,42
root_cause_20260716_195354,2026-07-16T19:53:54.272830+00:00,v8.1.0,ROOT_CAUSE_MIXED_WITH_CONTRADICTIONS,BTC/USDT,4h,868534a901188736,LONG,57,MACRO_POLICY_PRESSURE,BEARISH,MEDIUM,55.92,HIGH,PROBABLE_CAUSE_BUT_CONFLICTED,15,10,MIXED_NARRATIVE_CONFLICT,BEARISH,MACRO_POLICY,MULTI_SOURCE_EVENT_CONSENSUS,42
root_cause_20260716_233344,2026-07-16T23:33:44.034762+00:00,v8.1.0,ROOT_CAUSE_MIXED_WITH_CONTRADICTIONS,BTC/USDT,4h,80ec9090403c9cc5,NEUTRAL,23,MACRO_POLICY_PRESSURE,BEARISH,MEDIUM,78.71,HIGH,PROBABLE_CAUSE_BUT_CONFLICTED,13,11,MACRO_POLICY_DOMINANT,BEARISH,MACRO_POLICY,MULTI_SOURCE_EVENT_CONSENSUS,29
root_cause_20260716_233352,2026-07-16T23:33:52.454755+00:00,v8.1.0,ROOT_CAUSE_MIXED_WITH_CONTRADICTIONS,BTC/USDT,4h,80ec9090403c9cc5,NEUTRAL,23,MACRO_POLICY_PRESSURE,BEARISH,MEDIUM,78.71,HIGH,PROBABLE_CAUSE_BUT_CONFLICTED,13,11,MACRO_POLICY_DOMINANT,BEARISH,MACRO_POLICY,MULTI_SOURCE_EVENT_CONSENSUS,29
root_cause_20260716_233403,2026-07-16T23:34:03.393690+00:00,v8.1.0,ROOT_CAUSE_MIXED_WITH_CONTRADICTIONS,BTC/USDT,4h,80ec9090403c9cc5,NEUTRAL,23,MACRO_POLICY_PRESSURE,BEARISH,MEDIUM,78.71,HIGH,PROBABLE_CAUSE_BUT_CONFLICTED,13,11,MACRO_POLICY_DOMINANT,BEARISH,MACRO_POLICY,MULTI_SOURCE_EVENT_CONSENSUS,29
root_cause_20260716_233414,2026-07-16T23:34:14.552538+00:00,v8.1.0,ROOT_CAUSE_MIXED_WITH_CONTRADICTIONS,BTC/USDT,4h,80ec9090403c9cc5,NEUTRAL,23,MACRO_POLICY_PRESSURE,BEARISH,MEDIUM,78.71,HIGH,PROBABLE_CAUSE_BUT_CONFLICTED,13,11,MACRO_POLICY_DOMINANT,BEARISH,MACRO_POLICY,MULTI_SOURCE_EVENT_CONSENSUS,29
root_cause_20260717_073741,2026-07-17T07:37:41.913896+00:00,v8.1.0,ROOT_CAUSE_MIXED_WITH_CONTRADICTIONS,BTC/USDT,4h,9c7ccc7f7a913912,NEUTRAL,33,MACRO_POLICY_PRESSURE,BEARISH,MEDIUM,68.6,HIGH,PROBABLE_CAUSE_BUT_CONFLICTED,14,11,MACRO_POLICY_DOMINANT,BEARISH,MACRO_POLICY,MULTI_SOURCE_EVENT_CONSENSUS,36
root_cause_20260717_073750,2026-07-17T07:37:50.961612+00:00,v8.1.0,ROOT_CAUSE_MIXED_WITH_CONTRADICTIONS,BTC/USDT,4h,9c7ccc7f7a913912,NEUTRAL,33,MACRO_POLICY_PRESSURE,BEARISH,MEDIUM,68.6,HIGH,PROBABLE_CAUSE_BUT_CONFLICTED,14,11,MACRO_POLICY_DOMINANT,BEARISH,MACRO_POLICY,MULTI_SOURCE_EVENT_CONSENSUS,36
root_cause_20260717_073803,2026-07-17T07:38:03.165855+00:00,v8.1.0,ROOT_CAUSE_MIXED_WITH_CONTRADICTIONS,BTC/USDT,4h,9c7ccc7f7a913912,NEUTRAL,33,MACRO_POLICY_PRESSURE,BEARISH,MEDIUM,68.6,HIGH,PROBABLE_CAUSE_BUT_CONFLICTED,14,11,MACRO_POLICY_DOMINANT,BEARISH,MACRO_POLICY,MULTI_SOURCE_EVENT_CONSENSUS,36
root_cause_20260717_073814,2026-07-17T07:38:14.440350+00:00,v8.1.0,ROOT_CAUSE_MIXED_WITH_CONTRADICTIONS,BTC/USDT,4h,9c7ccc7f7a913912,NEUTRAL,33,MACRO_POLICY_PRESSURE,BEARISH,MEDIUM,68.6,HIGH,PROBABLE_CAUSE_BUT_CONFLICTED,14,11,MACRO_POLICY_DOMINANT,BEARISH,MACRO_POLICY,MULTI_SOURCE_EVENT_CONSENSUS,36
root_cause_20260717_122205,2026-07-17T12:22:05.634911+00:00,v8.1.0,ROOT_CAUSE_MIXED_WITH_CONTRADICTIONS,BTC/USDT,4h,6ee47d678b5959fb,NEUTRAL,25,MACRO_POLICY_PRESSURE,BEARISH,MEDIUM,68.46,HIGH,PROBABLE_CAUSE_BUT_CONFLICTED,14,11,MACRO_POLICY_DOMINANT,BEARISH,MACRO_POLICY,MULTI_SOURCE_EVENT_CONSENSUS,39
root_cause_20260717_122215,2026-07-17T12:22:15.629954+00:00,v8.1.0,ROOT_CAUSE_MIXED_WITH_CONTRADICTIONS,BTC/USDT,4h,6ee47d678b5959fb,NEUTRAL,25,MACRO_POLICY_PRESSURE,BEARISH,MEDIUM,68.46,HIGH,PROBABLE_CAUSE_BUT_CONFLICTED,14,11,MACRO_POLICY_DOMINANT,BEARISH,MACRO_POLICY,MULTI_SOURCE_EVENT_CONSENSUS,39
root_cause_20260717_122226,2026-07-17T12:22:26.960032+00:00,v8.1.0,ROOT_CAUSE_MIXED_WITH_CONTRADICTIONS,BTC/USDT,4h,6ee47d678b5959fb,NEUTRAL,25,MACRO_POLICY_PRESSURE,BEARISH,MEDIUM,68.46,HIGH,PROBABLE_CAUSE_BUT_CONFLICTED,14,11,MACRO_POLICY_DOMINANT,BEARISH,MACRO_POLICY,MULTI_SOURCE_EVENT_CONSENSUS,39
root_cause_20260717_122238,2026-07-17T12:22:38.570064+00:00,v8.1.0,ROOT_CAUSE_MIXED_WITH_CONTRADICTIONS,BTC/USDT,4h,6ee47d678b5959fb,NEUTRAL,25,MACRO_POLICY_PRESSURE,BEARISH,MEDIUM,68.46,HIGH,PROBABLE_CAUSE_BUT_CONFLICTED,14,11,MACRO_POLICY_DOMINANT,BEARISH,MACRO_POLICY,MULTI_SOURCE_EVENT_CONSENSUS,39
root_cause_20260717_201431,2026-07-17T20:14:31.882978+00:00,v8.1.0,ROOT_CAUSE_MIXED_WITH_CONTRADICTIONS,BTC/USDT,4h,16e7c62c85964757,LONG,52,MACRO_POLICY_PRESSURE,BEARISH,MEDIUM,59.85,HIGH,PROBABLE_CAUSE_BUT_CONFLICTED,15,10,MIXED_NARRATIVE_CONFLICT,BEARISH,MACRO_POLICY,MULTI_SOURCE_EVENT_CONSENSUS,42
root_cause_20260717_201439,2026-07-17T20:14:39.715068+00:00,v8.1.0,ROOT_CAUSE_MIXED_WITH_CONTRADICTIONS,BTC/USDT,4h,16e7c62c85964757,LONG,52,MACRO_POLICY_PRESSURE,BEARISH,MEDIUM,59.85,HIGH,PROBABLE_CAUSE_BUT_CONFLICTED,15,10,MIXED_NARRATIVE_CONFLICT,BEARISH,MACRO_POLICY,MULTI_SOURCE_EVENT_CONSENSUS,42
root_cause_20260717_201451,2026-07-17T20:14:51.593390+00:00,v8.1.0,ROOT_CAUSE_MIXED_WITH_CONTRADICTIONS,BTC/USDT,4h,16e7c62c85964757,LONG,52,MACRO_POLICY_PRESSURE,BEARISH,MEDIUM,59.85,HIGH,PROBABLE_CAUSE_BUT_CONFLICTED,15,10,MIXED_NARRATIVE_CONFLICT,BEARISH,MACRO_POLICY,MULTI_SOURCE_EVENT_CONSENSUS,42
root_cause_20260717_201501,2026-07-17T20:15:01.826170+00:00,v8.1.0,ROOT_CAUSE_MIXED_WITH_CONTRADICTIONS,BTC/USDT,4h,16e7c62c85964757,LONG,52,MACRO_POLICY_PRESSURE,BEARISH,MEDIUM,59.85,HIGH,PROBABLE_CAUSE_BUT_CONFLICTED,15,10,MIXED_NARRATIVE_CONFLICT,BEARISH,MACRO_POLICY,MULTI_SOURCE_EVENT_CONSENSUS,42
root_cause_20260717_231331,2026-07-17T23:13:31.274457+00:00,v8.1.0,ROOT_CAUSE_MIXED_WITH_CONTRADICTIONS,BTC/USDT,4h,16e7c62c85964757,LONG,52,MACRO_POLICY_PRESSURE,BEARISH,MEDIUM,59.31,HIGH,PROBABLE_CAUSE_BUT_CONFLICTED,15,10,MIXED_NARRATIVE_CONFLICT,BEARISH,MACRO_POLICY,MULTI_SOURCE_EVENT_CONSENSUS,44
root_cause_20260717_231338,2026-07-17T23:13:38.414928+00:00,v8.1.0,ROOT_CAUSE_MIXED_WITH_CONTRADICTIONS,BTC/USDT,4h,16e7c62c85964757,LONG,52,MACRO_POLICY_PRESSURE,BEARISH,MEDIUM,59.31,HIGH,PROBABLE_CAUSE_BUT_CONFLICTED,15,10,MIXED_NARRATIVE_CONFLICT,BEARISH,MACRO_POLICY,MULTI_SOURCE_EVENT_CONSENSUS,44
root_cause_20260717_231353,2026-07-17T23:13:53.434041+00:00,v8.1.0,ROOT_CAUSE_MIXED_WITH_CONTRADICTIONS,BTC/USDT,4h,16e7c62c85964757,LONG,52,MACRO_POLICY_PRESSURE,BEARISH,MEDIUM,59.31,HIGH,PROBABLE_CAUSE_BUT_CONFLICTED,15,10,MIXED_NARRATIVE_CONFLICT,BEARISH,MACRO_POLICY,MULTI_SOURCE_EVENT_CONSENSUS,44
root_cause_20260717_231405,2026-07-17T23:14:05.143978+00:00,v8.1.0,ROOT_CAUSE_MIXED_WITH_CONTRADICTIONS,BTC/USDT,4h,16e7c62c85964757,LONG,52,MACRO_POLICY_PRESSURE,BEARISH,MEDIUM,59.31,HIGH,PROBABLE_CAUSE_BUT_CONFLICTED,15,10,MIXED_NARRATIVE_CONFLICT,BEARISH,MACRO_POLICY,MULTI_SOURCE_EVENT_CONSENSUS,44
root_cause_20260718_071336,2026-07-18T07:13:36.185779+00:00,v8.1.0,ROOT_CAUSE_PRIMARY_PROBABLE,BTC/USDT,4h,d397f2108ee4c3ee,NEUTRAL,30,MACRO_POLICY_PRESSURE,BEARISH,HIGH,70.42,HIGH,PRIMARY_PROBABLE_ROOT_CAUSE,13,10,MACRO_POLICY_DOMINANT,BEARISH,MACRO_POLICY,MULTI_SOURCE_EVENT_CONSENSUS,43
root_cause_20260718_071344,2026-07-18T07:13:44.552798+00:00,v8.1.0,ROOT_CAUSE_PRIMARY_PROBABLE,BTC/USDT,4h,d397f2108ee4c3ee,NEUTRAL,30,MACRO_POLICY_PRESSURE,BEARISH,HIGH,70.42,HIGH,PRIMARY_PROBABLE_ROOT_CAUSE,13,10,MACRO_POLICY_DOMINANT,BEARISH,MACRO_POLICY,MULTI_SOURCE_EVENT_CONSENSUS,43
root_cause_20260718_071359,2026-07-18T07:13:59.526056+00:00,v8.1.0,ROOT_CAUSE_PRIMARY_PROBABLE,BTC/USDT,4h,d397f2108ee4c3ee,NEUTRAL,30,MACRO_POLICY_PRESSURE,BEARISH,HIGH,70.42,HIGH,PRIMARY_PROBABLE_ROOT_CAUSE,13,10,MACRO_POLICY_DOMINANT,BEARISH,MACRO_POLICY,MULTI_SOURCE_EVENT_CONSENSUS,43
root_cause_20260718_071411,2026-07-18T07:14:11.594017+00:00,v8.1.0,ROOT_CAUSE_PRIMARY_PROBABLE,BTC/USDT,4h,d397f2108ee4c3ee,NEUTRAL,30,MACRO_POLICY_PRESSURE,BEARISH,HIGH,70.42,HIGH,PRIMARY_PROBABLE_ROOT_CAUSE,13,10,MACRO_POLICY_DOMINANT,BEARISH,MACRO_POLICY,MULTI_SOURCE_EVENT_CONSENSUS,43
root_cause_20260718_113423,2026-07-18T11:34:23.214723+00:00,v8.1.0,ROOT_CAUSE_PRIMARY_PROBABLE,BTC/USDT,4h,27c1a62dadf0ae27,NEUTRAL,15,MACRO_POLICY_PRESSURE,BEARISH,HIGH,69.19,HIGH,PRIMARY_PROBABLE_ROOT_CAUSE,13,10,MACRO_POLICY_DOMINANT,BEARISH,MACRO_POLICY,MULTI_SOURCE_EVENT_CONSENSUS,42
root_cause_20260718_113431,2026-07-18T11:34:31.623357+00:00,v8.1.0,ROOT_CAUSE_PRIMARY_PROBABLE,BTC/USDT,4h,27c1a62dadf0ae27,NEUTRAL,15,MACRO_POLICY_PRESSURE,BEARISH,HIGH,69.19,HIGH,PRIMARY_PROBABLE_ROOT_CAUSE,13,10,MACRO_POLICY_DOMINANT,BEARISH,MACRO_POLICY,MULTI_SOURCE_EVENT_CONSENSUS,42
root_cause_20260718_113442,2026-07-18T11:34:42.807222+00:00,v8.1.0,ROOT_CAUSE_PRIMARY_PROBABLE,BTC/USDT,4h,27c1a62dadf0ae27,NEUTRAL,15,MACRO_POLICY_PRESSURE,BEARISH,HIGH,69.19,HIGH,PRIMARY_PROBABLE_ROOT_CAUSE,13,10,MACRO_POLICY_DOMINANT,BEARISH,MACRO_POLICY,MULTI_SOURCE_EVENT_CONSENSUS,42
root_cause_20260718_113453,2026-07-18T11:34:53.560220+00:00,v8.1.0,ROOT_CAUSE_PRIMARY_PROBABLE,BTC/USDT,4h,27c1a62dadf0ae27,NEUTRAL,15,MACRO_POLICY_PRESSURE,BEARISH,HIGH,69.19,HIGH,PRIMARY_PROBABLE_ROOT_CAUSE,13,10,MACRO_POLICY_DOMINANT,BEARISH,MACRO_POLICY,MULTI_SOURCE_EVENT_CONSENSUS,42
root_cause_20260718_153625,2026-07-18T15:36:25.468625+00:00,v8.1.0,ROOT_CAUSE_PRIMARY_PROBABLE,BTC/USDT,4h,1eda876ed7c82ff5,NEUTRAL,27,MACRO_POLICY_PRESSURE,BEARISH,HIGH,69.12,HIGH,PRIMARY_PROBABLE_ROOT_CAUSE,13,10,MACRO_POLICY_DOMINANT,BEARISH,MACRO_POLICY,MULTI_SOURCE_EVENT_CONSENSUS,43
root_cause_20260718_153631,2026-07-18T15:36:31.206253+00:00,v8.1.0,ROOT_CAUSE_PRIMARY_PROBABLE,BTC/USDT,4h,1eda876ed7c82ff5,NEUTRAL,27,MACRO_POLICY_PRESSURE,BEARISH,HIGH,69.12,HIGH,PRIMARY_PROBABLE_ROOT_CAUSE,13,10,MACRO_POLICY_DOMINANT,BEARISH,MACRO_POLICY,MULTI_SOURCE_EVENT_CONSENSUS,43
root_cause_20260718_153642,2026-07-18T15:36:42.767506+00:00,v8.1.0,ROOT_CAUSE_PRIMARY_PROBABLE,BTC/USDT,4h,1eda876ed7c82ff5,NEUTRAL,27,MACRO_POLICY_PRESSURE,BEARISH,HIGH,69.12,HIGH,PRIMARY_PROBABLE_ROOT_CAUSE,13,10,MACRO_POLICY_DOMINANT,BEARISH,MACRO_POLICY,MULTI_SOURCE_EVENT_CONSENSUS,43
root_cause_20260718_153652,2026-07-18T15:36:52.813962+00:00,v8.1.0,ROOT_CAUSE_PRIMARY_PROBABLE,BTC/USDT,4h,1eda876ed7c82ff5,NEUTRAL,27,MACRO_POLICY_PRESSURE,BEARISH,HIGH,69.12,HIGH,PRIMARY_PROBABLE_ROOT_CAUSE,13,10,MACRO_POLICY_DOMINANT,BEARISH,MACRO_POLICY,MULTI_SOURCE_EVENT_CONSENSUS,43
root_cause_20260718_200810,2026-07-18T20:08:10.396441+00:00,v8.1.0,ROOT_CAUSE_PRIMARY_PROBABLE,BTC/USDT,4h,66cf83150f574075,NEUTRAL,46,MACRO_POLICY_PRESSURE,BEARISH,HIGH,69.82,HIGH,PRIMARY_PROBABLE_ROOT_CAUSE,13,10,MACRO_POLICY_DOMINANT,BEARISH,MACRO_POLICY,MULTI_SOURCE_EVENT_CONSENSUS,43
root_cause_20260718_200818,2026-07-18T20:08:18.166597+00:00,v8.1.0,ROOT_CAUSE_PRIMARY_PROBABLE,BTC/USDT,4h,66cf83150f574075,NEUTRAL,46,MACRO_POLICY_PRESSURE,BEARISH,HIGH,69.82,HIGH,PRIMARY_PROBABLE_ROOT_CAUSE,13,10,MACRO_POLICY_DOMINANT,BEARISH,MACRO_POLICY,MULTI_SOURCE_EVENT_CONSENSUS,43
root_cause_20260718_200828,2026-07-18T20:08:28.803045+00:00,v8.1.0,ROOT_CAUSE_PRIMARY_PROBABLE,BTC/USDT,4h,66cf83150f574075,NEUTRAL,46,MACRO_POLICY_PRESSURE,BEARISH,HIGH,69.82,HIGH,PRIMARY_PROBABLE_ROOT_CAUSE,13,10,MACRO_POLICY_DOMINANT,BEARISH,MACRO_POLICY,MULTI_SOURCE_EVENT_CONSENSUS,43
root_cause_20260718_200839,2026-07-18T20:08:39.490432+00:00,v8.1.0,ROOT_CAUSE_PRIMARY_PROBABLE,BTC/USDT,4h,66cf83150f574075,NEUTRAL,46,MACRO_POLICY_PRESSURE,BEARISH,HIGH,69.82,HIGH,PRIMARY_PROBABLE_ROOT_CAUSE,13,10,MACRO_POLICY_DOMINANT,BEARISH,MACRO_POLICY,MULTI_SOURCE_EVENT_CONSENSUS,43
root_cause_20260718_231612,2026-07-18T23:16:12.034799+00:00,v8.1.0,ROOT_CAUSE_PRIMARY_PROBABLE,BTC/USDT,4h,66cf83150f574075,NEUTRAL,46,MACRO_POLICY_PRESSURE,BEARISH,HIGH,69.76,HIGH,PRIMARY_PROBABLE_ROOT_CAUSE,13,10,MACRO_POLICY_DOMINANT,BEARISH,MACRO_POLICY,MULTI_SOURCE_EVENT_CONSENSUS,44
root_cause_20260718_231620,2026-07-18T23:16:20.270601+00:00,v8.1.0,ROOT_CAUSE_PRIMARY_PROBABLE,BTC/USDT,4h,66cf83150f574075,NEUTRAL,46,MACRO_POLICY_PRESSURE,BEARISH,HIGH,69.76,HIGH,PRIMARY_PROBABLE_ROOT_CAUSE,13,10,MACRO_POLICY_DOMINANT,BEARISH,MACRO_POLICY,MULTI_SOURCE_EVENT_CONSENSUS,44
root_cause_20260718_231635,2026-07-18T23:16:35.149327+00:00,v8.1.0,ROOT_CAUSE_PRIMARY_PROBABLE,BTC/USDT,4h,66cf83150f574075,NEUTRAL,46,MACRO_POLICY_PRESSURE,BEARISH,HIGH,69.76,HIGH,PRIMARY_PROBABLE_ROOT_CAUSE,13,10,MACRO_POLICY_DOMINANT,BEARISH,MACRO_POLICY,MULTI_SOURCE_EVENT_CONSENSUS,44
root_cause_20260718_231645,2026-07-18T23:16:45.769710+00:00,v8.1.0,ROOT_CAUSE_PRIMARY_PROBABLE,BTC/USDT,4h,66cf83150f574075,NEUTRAL,46,MACRO_POLICY_PRESSURE,BEARISH,HIGH,69.76,HIGH,PRIMARY_PROBABLE_ROOT_CAUSE,13,10,MACRO_POLICY_DOMINANT,BEARISH,MACRO_POLICY,MULTI_SOURCE_EVENT_CONSENSUS,44
root_cause_20260719_075804,2026-07-19T07:58:04.315335+00:00,v8.1.0,ROOT_CAUSE_PRIMARY_PROBABLE,BTC/USDT,4h,be8b6299583c6b0a,NEUTRAL,37,MACRO_POLICY_PRESSURE,BEARISH,HIGH,69.64,HIGH,PRIMARY_PROBABLE_ROOT_CAUSE,13,10,MACRO_POLICY_DOMINANT,BEARISH,MACRO_POLICY,MULTI_SOURCE_EVENT_CONSENSUS,46
root_cause_20260719_075811,2026-07-19T07:58:11.986167+00:00,v8.1.0,ROOT_CAUSE_PRIMARY_PROBABLE,BTC/USDT,4h,be8b6299583c6b0a,NEUTRAL,37,MACRO_POLICY_PRESSURE,BEARISH,HIGH,69.64,HIGH,PRIMARY_PROBABLE_ROOT_CAUSE,13,10,MACRO_POLICY_DOMINANT,BEARISH,MACRO_POLICY,MULTI_SOURCE_EVENT_CONSENSUS,46
root_cause_20260719_075825,2026-07-19T07:58:25.503492+00:00,v8.1.0,ROOT_CAUSE_PRIMARY_PROBABLE,BTC/USDT,4h,be8b6299583c6b0a,NEUTRAL,37,MACRO_POLICY_PRESSURE,BEARISH,HIGH,69.64,HIGH,PRIMARY_PROBABLE_ROOT_CAUSE,13,10,MACRO_POLICY_DOMINANT,BEARISH,MACRO_POLICY,MULTI_SOURCE_EVENT_CONSENSUS,46
root_cause_20260719_075836,2026-07-19T07:58:36.779934+00:00,v8.1.0,ROOT_CAUSE_PRIMARY_PROBABLE,BTC/USDT,4h,be8b6299583c6b0a,NEUTRAL,37,MACRO_POLICY_PRESSURE,BEARISH,HIGH,69.64,HIGH,PRIMARY_PROBABLE_ROOT_CAUSE,13,10,MACRO_POLICY_DOMINANT,BEARISH,MACRO_POLICY,MULTI_SOURCE_EVENT_CONSENSUS,46
root_cause_20260719_114503,2026-07-19T11:45:03.352285+00:00,v8.1.0,ROOT_CAUSE_MIXED_WITH_CONTRADICTIONS,BTC/USDT,4h,a4c050f4ffee1f35,LONG,70,MACRO_POLICY_PRESSURE,BEARISH,MEDIUM,58.63,HIGH,PROBABLE_CAUSE_BUT_CONFLICTED,15,10,MIXED_NARRATIVE_CONFLICT,BEARISH,MACRO_POLICY,MULTI_SOURCE_EVENT_CONSENSUS,45
root_cause_20260719_114511,2026-07-19T11:45:11.621458+00:00,v8.1.0,ROOT_CAUSE_MIXED_WITH_CONTRADICTIONS,BTC/USDT,4h,a4c050f4ffee1f35,LONG,70,MACRO_POLICY_PRESSURE,BEARISH,MEDIUM,58.63,HIGH,PROBABLE_CAUSE_BUT_CONFLICTED,15,10,MIXED_NARRATIVE_CONFLICT,BEARISH,MACRO_POLICY,MULTI_SOURCE_EVENT_CONSENSUS,45
root_cause_20260719_114523,2026-07-19T11:45:23.040891+00:00,v8.1.0,ROOT_CAUSE_MIXED_WITH_CONTRADICTIONS,BTC/USDT,4h,a4c050f4ffee1f35,LONG,70,MACRO_POLICY_PRESSURE,BEARISH,MEDIUM,58.63,HIGH,PROBABLE_CAUSE_BUT_CONFLICTED,15,10,MIXED_NARRATIVE_CONFLICT,BEARISH,MACRO_POLICY,MULTI_SOURCE_EVENT_CONSENSUS,45
root_cause_20260719_114534,2026-07-19T11:45:34.499136+00:00,v8.1.0,ROOT_CAUSE_MIXED_WITH_CONTRADICTIONS,BTC/USDT,4h,a4c050f4ffee1f35,LONG,70,MACRO_POLICY_PRESSURE,BEARISH,MEDIUM,58.63,HIGH,PROBABLE_CAUSE_BUT_CONFLICTED,15,10,MIXED_NARRATIVE_CONFLICT,BEARISH,MACRO_POLICY,MULTI_SOURCE_EVENT_CONSENSUS,45
root_cause_20260719_153745,2026-07-19T15:37:45.637866+00:00,v8.1.0,ROOT_CAUSE_PRIMARY_PROBABLE,BTC/USDT,4h,96c993f864bcdef8,NEUTRAL,49,MACRO_POLICY_PRESSURE,BEARISH,HIGH,70.74,HIGH,PRIMARY_PROBABLE_ROOT_CAUSE,13,10,MACRO_POLICY_DOMINANT,BEARISH,MACRO_POLICY,MULTI_SOURCE_EVENT_CONSENSUS,45
root_cause_20260719_153753,2026-07-19T15:37:53.734730+00:00,v8.1.0,ROOT_CAUSE_PRIMARY_PROBABLE,BTC/USDT,4h,96c993f864bcdef8,NEUTRAL,49,MACRO_POLICY_PRESSURE,BEARISH,HIGH,70.74,HIGH,PRIMARY_PROBABLE_ROOT_CAUSE,13,10,MACRO_POLICY_DOMINANT,BEARISH,MACRO_POLICY,MULTI_SOURCE_EVENT_CONSENSUS,45
root_cause_20260719_153808,2026-07-19T15:38:08.161694+00:00,v8.1.0,ROOT_CAUSE_PRIMARY_PROBABLE,BTC/USDT,4h,96c993f864bcdef8,NEUTRAL,49,MACRO_POLICY_PRESSURE,BEARISH,HIGH,70.74,HIGH,PRIMARY_PROBABLE_ROOT_CAUSE,13,10,MACRO_POLICY_DOMINANT,BEARISH,MACRO_POLICY,MULTI_SOURCE_EVENT_CONSENSUS,45
root_cause_20260719_153819,2026-07-19T15:38:19.186654+00:00,v8.1.0,ROOT_CAUSE_PRIMARY_PROBABLE,BTC/USDT,4h,96c993f864bcdef8,NEUTRAL,49,MACRO_POLICY_PRESSURE,BEARISH,HIGH,70.74,HIGH,PRIMARY_PROBABLE_ROOT_CAUSE,13,10,MACRO_POLICY_DOMINANT,BEARISH,MACRO_POLICY,MULTI_SOURCE_EVENT_CONSENSUS,45
root_cause_20260719_201147,2026-07-19T20:11:47.141353+00:00,v8.1.0,ROOT_CAUSE_PRIMARY_PROBABLE,BTC/USDT,4h,11648f97f4132c45,NEUTRAL,45,MACRO_POLICY_PRESSURE,BEARISH,HIGH,70.3,HIGH,PRIMARY_PROBABLE_ROOT_CAUSE,13,10,MACRO_POLICY_DOMINANT,BEARISH,MACRO_POLICY,MULTI_SOURCE_EVENT_CONSENSUS,42
root_cause_20260719_201154,2026-07-19T20:11:54.749796+00:00,v8.1.0,ROOT_CAUSE_PRIMARY_PROBABLE,BTC/USDT,4h,11648f97f4132c45,NEUTRAL,45,MACRO_POLICY_PRESSURE,BEARISH,HIGH,70.3,HIGH,PRIMARY_PROBABLE_ROOT_CAUSE,13,10,MACRO_POLICY_DOMINANT,BEARISH,MACRO_POLICY,MULTI_SOURCE_EVENT_CONSENSUS,42
root_cause_20260719_201206,2026-07-19T20:12:06.714035+00:00,v8.1.0,ROOT_CAUSE_PRIMARY_PROBABLE,BTC/USDT,4h,11648f97f4132c45,NEUTRAL,45,MACRO_POLICY_PRESSURE,BEARISH,HIGH,70.3,HIGH,PRIMARY_PROBABLE_ROOT_CAUSE,13,10,MACRO_POLICY_DOMINANT,BEARISH,MACRO_POLICY,MULTI_SOURCE_EVENT_CONSENSUS,42
root_cause_20260719_201218,2026-07-19T20:12:18.848740+00:00,v8.1.0,ROOT_CAUSE_PRIMARY_PROBABLE,BTC/USDT,4h,11648f97f4132c45,NEUTRAL,45,MACRO_POLICY_PRESSURE,BEARISH,HIGH,70.3,HIGH,PRIMARY_PROBABLE_ROOT_CAUSE,13,10,MACRO_POLICY_DOMINANT,BEARISH,MACRO_POLICY,MULTI_SOURCE_EVENT_CONSENSUS,42
root_cause_20260720_082641,2026-07-20T08:26:41.871846+00:00,v8.1.0,ROOT_CAUSE_PRIMARY_PROBABLE,BTC/USDT,4h,3dd864bb08d25699,NEUTRAL,32,MACRO_POLICY_PRESSURE,BEARISH,HIGH,69.83,HIGH,PRIMARY_PROBABLE_ROOT_CAUSE,13,10,MACRO_POLICY_DOMINANT,BEARISH,MACRO_POLICY,MULTI_SOURCE_EVENT_CONSENSUS,39
root_cause_20260720_082649,2026-07-20T08:26:49.637953+00:00,v8.1.0,ROOT_CAUSE_PRIMARY_PROBABLE,BTC/USDT,4h,3dd864bb08d25699,NEUTRAL,32,MACRO_POLICY_PRESSURE,BEARISH,HIGH,69.83,HIGH,PRIMARY_PROBABLE_ROOT_CAUSE,13,10,MACRO_POLICY_DOMINANT,BEARISH,MACRO_POLICY,MULTI_SOURCE_EVENT_CONSENSUS,39
root_cause_20260720_082704,2026-07-20T08:27:04.835121+00:00,v8.1.0,ROOT_CAUSE_PRIMARY_PROBABLE,BTC/USDT,4h,3dd864bb08d25699,NEUTRAL,32,MACRO_POLICY_PRESSURE,BEARISH,HIGH,69.83,HIGH,PRIMARY_PROBABLE_ROOT_CAUSE,13,10,MACRO_POLICY_DOMINANT,BEARISH,MACRO_POLICY,MULTI_SOURCE_EVENT_CONSENSUS,39
root_cause_20260720_082715,2026-07-20T08:27:15.307261+00:00,v8.1.0,ROOT_CAUSE_PRIMARY_PROBABLE,BTC/USDT,4h,3dd864bb08d25699,NEUTRAL,32,MACRO_POLICY_PRESSURE,BEARISH,HIGH,69.83,HIGH,PRIMARY_PROBABLE_ROOT_CAUSE,13,10,MACRO_POLICY_DOMINANT,BEARISH,MACRO_POLICY,MULTI_SOURCE_EVENT_CONSENSUS,39
root_cause_20260720_112433,2026-07-20T11:24:33.326054+00:00,v8.1.0,ROOT_CAUSE_PRIMARY_PROBABLE,BTC/USDT,4h,3dd864bb08d25699,NEUTRAL,32,MACRO_POLICY_PRESSURE,BEARISH,HIGH,66.02,HIGH,PRIMARY_PROBABLE_ROOT_CAUSE,12,9,MACRO_POLICY_DOMINANT,MIXED_OR_NEUTRAL,MACRO_POLICY,MULTI_SOURCE_EVENT_CONSENSUS,53
root_cause_20260720_112440,2026-07-20T11:24:40.189038+00:00,v8.1.0,ROOT_CAUSE_PRIMARY_PROBABLE,BTC/USDT,4h,3dd864bb08d25699,NEUTRAL,32,MACRO_POLICY_PRESSURE,BEARISH,HIGH,66.02,HIGH,PRIMARY_PROBABLE_ROOT_CAUSE,12,9,MACRO_POLICY_DOMINANT,MIXED_OR_NEUTRAL,MACRO_POLICY,MULTI_SOURCE_EVENT_CONSENSUS,53
root_cause_20260720_112454,2026-07-20T11:24:54.192304+00:00,v8.1.0,ROOT_CAUSE_PRIMARY_PROBABLE,BTC/USDT,4h,3dd864bb08d25699,NEUTRAL,32,MACRO_POLICY_PRESSURE,BEARISH,HIGH,66.02,HIGH,PRIMARY_PROBABLE_ROOT_CAUSE,12,9,MACRO_POLICY_DOMINANT,MIXED_OR_NEUTRAL,MACRO_POLICY,MULTI_SOURCE_EVENT_CONSENSUS,53
root_cause_20260720_112504,2026-07-20T11:25:04.053051+00:00,v8.1.0,ROOT_CAUSE_PRIMARY_PROBABLE,BTC/USDT,4h,3dd864bb08d25699,NEUTRAL,32,MACRO_POLICY_PRESSURE,BEARISH,HIGH,66.02,HIGH,PRIMARY_PROBABLE_ROOT_CAUSE,12,9,MACRO_POLICY_DOMINANT,MIXED_OR_NEUTRAL,MACRO_POLICY,MULTI_SOURCE_EVENT_CONSENSUS,53
root_cause_20260720_171222,2026-07-20T17:12:22.142207+00:00,v8.1.0,ROOT_CAUSE_PRIMARY_PROBABLE,BTC/USDT,4h,76c73c1e767434c0,NEUTRAL,48,MACRO_POLICY_PRESSURE,BEARISH,HIGH,62.98,HIGH,PRIMARY_PROBABLE_ROOT_CAUSE,11,8,MACRO_POLICY_DOMINANT,MIXED_OR_NEUTRAL,MACRO_POLICY,MULTI_SOURCE_EVENT_CONSENSUS,59
root_cause_20260720_171230,2026-07-20T17:12:30.315278+00:00,v8.1.0,ROOT_CAUSE_PRIMARY_PROBABLE,BTC/USDT,4h,76c73c1e767434c0,NEUTRAL,48,MACRO_POLICY_PRESSURE,BEARISH,HIGH,62.98,HIGH,PRIMARY_PROBABLE_ROOT_CAUSE,11,8,MACRO_POLICY_DOMINANT,MIXED_OR_NEUTRAL,MACRO_POLICY,MULTI_SOURCE_EVENT_CONSENSUS,59
root_cause_20260720_171241,2026-07-20T17:12:41.637847+00:00,v8.1.0,ROOT_CAUSE_PRIMARY_PROBABLE,BTC/USDT,4h,76c73c1e767434c0,NEUTRAL,48,MACRO_POLICY_PRESSURE,BEARISH,HIGH,62.98,HIGH,PRIMARY_PROBABLE_ROOT_CAUSE,11,8,MACRO_POLICY_DOMINANT,MIXED_OR_NEUTRAL,MACRO_POLICY,MULTI_SOURCE_EVENT_CONSENSUS,59
root_cause_20260720_171252,2026-07-20T17:12:52.607906+00:00,v8.1.0,ROOT_CAUSE_PRIMARY_PROBABLE,BTC/USDT,4h,76c73c1e767434c0,NEUTRAL,48,MACRO_POLICY_PRESSURE,BEARISH,HIGH,62.98,HIGH,PRIMARY_PROBABLE_ROOT_CAUSE,11,8,MACRO_POLICY_DOMINANT,MIXED_OR_NEUTRAL,MACRO_POLICY,MULTI_SOURCE_EVENT_CONSENSUS,59
root_cause_20260720_234203,2026-07-20T23:42:03.607298+00:00,v8.1.0,ROOT_CAUSE_MIXED_WITH_CONTRADICTIONS,BTC/USDT,4h,c3cd14aaf48bfe86,LONG,52,MACRO_POLICY_PRESSURE,BEARISH,MEDIUM,51.69,HIGH,PROBABLE_CAUSE_BUT_CONFLICTED,13,8,MIXED_NARRATIVE_CONFLICT,MIXED_OR_NEUTRAL,MACRO_POLICY,MULTI_SOURCE_EVENT_CONSENSUS,59
root_cause_20260720_234211,2026-07-20T23:42:11.623206+00:00,v8.1.0,ROOT_CAUSE_MIXED_WITH_CONTRADICTIONS,BTC/USDT,4h,c3cd14aaf48bfe86,LONG,52,MACRO_POLICY_PRESSURE,BEARISH,MEDIUM,51.69,HIGH,PROBABLE_CAUSE_BUT_CONFLICTED,13,8,MIXED_NARRATIVE_CONFLICT,MIXED_OR_NEUTRAL,MACRO_POLICY,MULTI_SOURCE_EVENT_CONSENSUS,59
root_cause_20260720_234223,2026-07-20T23:42:23.827099+00:00,v8.1.0,ROOT_CAUSE_MIXED_WITH_CONTRADICTIONS,BTC/USDT,4h,c3cd14aaf48bfe86,LONG,52,MACRO_POLICY_PRESSURE,BEARISH,MEDIUM,51.69,HIGH,PROBABLE_CAUSE_BUT_CONFLICTED,13,8,MIXED_NARRATIVE_CONFLICT,MIXED_OR_NEUTRAL,MACRO_POLICY,MULTI_SOURCE_EVENT_CONSENSUS,59
root_cause_20260720_234234,2026-07-20T23:42:34.546871+00:00,v8.1.0,ROOT_CAUSE_MIXED_WITH_CONTRADICTIONS,BTC/USDT,4h,c3cd14aaf48bfe86,LONG,52,MACRO_POLICY_PRESSURE,BEARISH,MEDIUM,51.69,HIGH,PROBABLE_CAUSE_BUT_CONFLICTED,13,8,MIXED_NARRATIVE_CONFLICT,MIXED_OR_NEUTRAL,MACRO_POLICY,MULTI_SOURCE_EVENT_CONSENSUS,59
root_cause_20260721_093940,2026-07-21T09:39:40.167334+00:00,v8.1.0,ROOT_CAUSE_MIXED_WITH_CONTRADICTIONS,BTC/USDT,4h,1389bb6e5f0417b1,LONG,60,MACRO_POLICY_PRESSURE,BEARISH,MEDIUM,53.96,HIGH,PROBABLE_CAUSE_BUT_CONFLICTED,12,8,MACRO_POLICY_DOMINANT,MIXED_OR_NEUTRAL,MACRO_POLICY,MULTI_SOURCE_EVENT_CONSENSUS,69
root_cause_20260721_093947,2026-07-21T09:39:47.035744+00:00,v8.1.0,ROOT_CAUSE_MIXED_WITH_CONTRADICTIONS,BTC/USDT,4h,1389bb6e5f0417b1,LONG,60,MACRO_POLICY_PRESSURE,BEARISH,MEDIUM,53.96,HIGH,PROBABLE_CAUSE_BUT_CONFLICTED,12,8,MACRO_POLICY_DOMINANT,MIXED_OR_NEUTRAL,MACRO_POLICY,MULTI_SOURCE_EVENT_CONSENSUS,69
root_cause_20260721_094001,2026-07-21T09:40:01.121361+00:00,v8.1.0,ROOT_CAUSE_MIXED_WITH_CONTRADICTIONS,BTC/USDT,4h,1389bb6e5f0417b1,LONG,60,MACRO_POLICY_PRESSURE,BEARISH,MEDIUM,53.96,HIGH,PROBABLE_CAUSE_BUT_CONFLICTED,12,8,MACRO_POLICY_DOMINANT,MIXED_OR_NEUTRAL,MACRO_POLICY,MULTI_SOURCE_EVENT_CONSENSUS,69
root_cause_20260721_094011,2026-07-21T09:40:11.296310+00:00,v8.1.0,ROOT_CAUSE_MIXED_WITH_CONTRADICTIONS,BTC/USDT,4h,1389bb6e5f0417b1,LONG,60,MACRO_POLICY_PRESSURE,BEARISH,MEDIUM,53.96,HIGH,PROBABLE_CAUSE_BUT_CONFLICTED,12,8,MACRO_POLICY_DOMINANT,MIXED_OR_NEUTRAL,MACRO_POLICY,MULTI_SOURCE_EVENT_CONSENSUS,69
root_cause_20260721_170238,2026-07-21T17:02:38.046974+00:00,v8.1.0,ROOT_CAUSE_MIXED_WITH_CONTRADICTIONS,BTC/USDT,4h,eb912c226d6c9276,LONG,65,MACRO_POLICY_PRESSURE,BEARISH,MEDIUM,50.81,HIGH,PROBABLE_CAUSE_BUT_CONFLICTED,11,7,MACRO_POLICY_DOMINANT,MIXED_OR_NEUTRAL,MACRO_POLICY,MULTI_SOURCE_EVENT_CONSENSUS,65
root_cause_20260721_170246,2026-07-21T17:02:46.483013+00:00,v8.1.0,ROOT_CAUSE_MIXED_WITH_CONTRADICTIONS,BTC/USDT,4h,eb912c226d6c9276,LONG,65,MACRO_POLICY_PRESSURE,BEARISH,MEDIUM,50.81,HIGH,PROBABLE_CAUSE_BUT_CONFLICTED,11,7,MACRO_POLICY_DOMINANT,MIXED_OR_NEUTRAL,MACRO_POLICY,MULTI_SOURCE_EVENT_CONSENSUS,65
root_cause_20260721_170302,2026-07-21T17:03:02.891887+00:00,v8.1.0,ROOT_CAUSE_MIXED_WITH_CONTRADICTIONS,BTC/USDT,4h,eb912c226d6c9276,LONG,65,MACRO_POLICY_PRESSURE,BEARISH,MEDIUM,50.81,HIGH,PROBABLE_CAUSE_BUT_CONFLICTED,11,7,MACRO_POLICY_DOMINANT,MIXED_OR_NEUTRAL,MACRO_POLICY,MULTI_SOURCE_EVENT_CONSENSUS,65
root_cause_20260721_170315,2026-07-21T17:03:15.599198+00:00,v8.1.0,ROOT_CAUSE_MIXED_WITH_CONTRADICTIONS,BTC/USDT,4h,eb912c226d6c9276,LONG,65,MACRO_POLICY_PRESSURE,BEARISH,MEDIUM,50.81,HIGH,PROBABLE_CAUSE_BUT_CONFLICTED,11,7,MACRO_POLICY_DOMINANT,MIXED_OR_NEUTRAL,MACRO_POLICY,MULTI_SOURCE_EVENT_CONSENSUS,65
root_cause_20260721_234323,2026-07-21T23:43:23.825295+00:00,v8.1.0,ROOT_CAUSE_MIXED_WITH_CONTRADICTIONS,BTC/USDT,4h,dc39f9b9d0fd19ca,LONG,63,MACRO_POLICY_PRESSURE,BEARISH,MEDIUM,42.52,HIGH,PROBABLE_CAUSE_BUT_CONFLICTED,9,5,MACRO_POLICY_DOMINANT,MIXED_OR_NEUTRAL,MACRO_POLICY,MULTI_SOURCE_EVENT_CONSENSUS,64
root_cause_20260721_234328,2026-07-21T23:43:28.982071+00:00,v8.1.0,ROOT_CAUSE_MIXED_WITH_CONTRADICTIONS,BTC/USDT,4h,dc39f9b9d0fd19ca,LONG,63,MACRO_POLICY_PRESSURE,BEARISH,MEDIUM,42.52,HIGH,PROBABLE_CAUSE_BUT_CONFLICTED,9,5,MACRO_POLICY_DOMINANT,MIXED_OR_NEUTRAL,MACRO_POLICY,MULTI_SOURCE_EVENT_CONSENSUS,64
root_cause_20260721_234342,2026-07-21T23:43:42.615805+00:00,v8.1.0,ROOT_CAUSE_MIXED_WITH_CONTRADICTIONS,BTC/USDT,4h,dc39f9b9d0fd19ca,LONG,63,MACRO_POLICY_PRESSURE,BEARISH,MEDIUM,42.52,HIGH,PROBABLE_CAUSE_BUT_CONFLICTED,9,5,MACRO_POLICY_DOMINANT,MIXED_OR_NEUTRAL,MACRO_POLICY,MULTI_SOURCE_EVENT_CONSENSUS,64
root_cause_20260721_234351,2026-07-21T23:43:51.174665+00:00,v8.1.0,ROOT_CAUSE_MIXED_WITH_CONTRADICTIONS,BTC/USDT,4h,dc39f9b9d0fd19ca,LONG,63,MACRO_POLICY_PRESSURE,BEARISH,MEDIUM,42.52,HIGH,PROBABLE_CAUSE_BUT_CONFLICTED,9,5,MACRO_POLICY_DOMINANT,MIXED_OR_NEUTRAL,MACRO_POLICY,MULTI_SOURCE_EVENT_CONSENSUS,64
root_cause_20260722_093842,2026-07-22T09:38:42.244486+00:00,v8.1.0,ROOT_CAUSE_PRIMARY_PROBABLE,BTC/USDT,4h,7bb3f489e724e429,NEUTRAL,30,MACRO_POLICY_PRESSURE,BEARISH,HIGH,55.08,HIGH,PRIMARY_PROBABLE_ROOT_CAUSE,8,5,MACRO_POLICY_DOMINANT,MIXED_OR_NEUTRAL,MACRO_POLICY,MULTI_SOURCE_EVENT_CONSENSUS,52
root_cause_20260722_093850,2026-07-22T09:38:50.611973+00:00,v8.1.0,ROOT_CAUSE_PRIMARY_PROBABLE,BTC/USDT,4h,7bb3f489e724e429,NEUTRAL,30,MACRO_POLICY_PRESSURE,BEARISH,HIGH,55.08,HIGH,PRIMARY_PROBABLE_ROOT_CAUSE,8,5,MACRO_POLICY_DOMINANT,MIXED_OR_NEUTRAL,MACRO_POLICY,MULTI_SOURCE_EVENT_CONSENSUS,52
root_cause_20260722_093901,2026-07-22T09:39:01.179419+00:00,v8.1.0,ROOT_CAUSE_PRIMARY_PROBABLE,BTC/USDT,4h,7bb3f489e724e429,NEUTRAL,30,MACRO_POLICY_PRESSURE,BEARISH,HIGH,55.08,HIGH,PRIMARY_PROBABLE_ROOT_CAUSE,8,5,MACRO_POLICY_DOMINANT,MIXED_OR_NEUTRAL,MACRO_POLICY,MULTI_SOURCE_EVENT_CONSENSUS,52
root_cause_20260722_093911,2026-07-22T09:39:11.722095+00:00,v8.1.0,ROOT_CAUSE_PRIMARY_PROBABLE,BTC/USDT,4h,7bb3f489e724e429,NEUTRAL,30,MACRO_POLICY_PRESSURE,BEARISH,HIGH,55.08,HIGH,PRIMARY_PROBABLE_ROOT_CAUSE,8,5,MACRO_POLICY_DOMINANT,MIXED_OR_NEUTRAL,MACRO_POLICY,MULTI_SOURCE_EVENT_CONSENSUS,52
root_cause_20260722_170318,2026-07-22T17:03:18.922472+00:00,v8.1.0,ROOT_CAUSE_MIXED_WITH_CONTRADICTIONS,BTC/USDT,4h,54cfc321b1fa07cc,LONG,61,MACRO_POLICY_PRESSURE,BEARISH,LOW,31.9,HIGH,PROBABLE_CAUSE_BUT_CONFLICTED,10,5,MIXED_NARRATIVE_CONFLICT,BEARISH,MACRO_POLICY,MULTI_SOURCE_EVENT_CONSENSUS,42
root_cause_20260722_170327,2026-07-22T17:03:27.862746+00:00,v8.1.0,ROOT_CAUSE_MIXED_WITH_CONTRADICTIONS,BTC/USDT,4h,54cfc321b1fa07cc,LONG,61,MACRO_POLICY_PRESSURE,BEARISH,LOW,31.9,HIGH,PROBABLE_CAUSE_BUT_CONFLICTED,10,5,MIXED_NARRATIVE_CONFLICT,BEARISH,MACRO_POLICY,MULTI_SOURCE_EVENT_CONSENSUS,42
root_cause_20260722_170339,2026-07-22T17:03:39.157340+00:00,v8.1.0,ROOT_CAUSE_MIXED_WITH_CONTRADICTIONS,BTC/USDT,4h,54cfc321b1fa07cc,LONG,61,MACRO_POLICY_PRESSURE,BEARISH,LOW,31.9,HIGH,PROBABLE_CAUSE_BUT_CONFLICTED,10,5,MIXED_NARRATIVE_CONFLICT,BEARISH,MACRO_POLICY,MULTI_SOURCE_EVENT_CONSENSUS,42
root_cause_20260722_170349,2026-07-22T17:03:49.389201+00:00,v8.1.0,ROOT_CAUSE_MIXED_WITH_CONTRADICTIONS,BTC/USDT,4h,54cfc321b1fa07cc,LONG,61,MACRO_POLICY_PRESSURE,BEARISH,LOW,31.9,HIGH,PROBABLE_CAUSE_BUT_CONFLICTED,10,5,MIXED_NARRATIVE_CONFLICT,BEARISH,MACRO_POLICY,MULTI_SOURCE_EVENT_CONSENSUS,42
root_cause_20260722_234412,2026-07-22T23:44:12.660731+00:00,v8.1.0,ROOT_CAUSE_RESEARCH_CANDIDATE,BTC/USDT,4h,038f2a7b5bc821fe,NEUTRAL,23,MACRO_POLICY_PRESSURE,BEARISH,MEDIUM,43.25,HIGH,ROOT_CAUSE_CANDIDATE_RESEARCH_ONLY,8,5,MACRO_POLICY_DOMINANT,BEARISH,MACRO_POLICY,MULTI_SOURCE_EVENT_CONSENSUS,41
root_cause_20260722_234420,2026-07-22T23:44:20.202147+00:00,v8.1.0,ROOT_CAUSE_RESEARCH_CANDIDATE,BTC/USDT,4h,038f2a7b5bc821fe,NEUTRAL,23,MACRO_POLICY_PRESSURE,BEARISH,MEDIUM,43.25,HIGH,ROOT_CAUSE_CANDIDATE_RESEARCH_ONLY,8,5,MACRO_POLICY_DOMINANT,BEARISH,MACRO_POLICY,MULTI_SOURCE_EVENT_CONSENSUS,41
root_cause_20260722_234432,2026-07-22T23:44:32.495097+00:00,v8.1.0,ROOT_CAUSE_RESEARCH_CANDIDATE,BTC/USDT,4h,038f2a7b5bc821fe,NEUTRAL,23,MACRO_POLICY_PRESSURE,BEARISH,MEDIUM,43.25,HIGH,ROOT_CAUSE_CANDIDATE_RESEARCH_ONLY,8,5,MACRO_POLICY_DOMINANT,BEARISH,MACRO_POLICY,MULTI_SOURCE_EVENT_CONSENSUS,41
root_cause_20260722_234443,2026-07-22T23:44:43.855723+00:00,v8.1.0,ROOT_CAUSE_RESEARCH_CANDIDATE,BTC/USDT,4h,038f2a7b5bc821fe,NEUTRAL,23,MACRO_POLICY_PRESSURE,BEARISH,MEDIUM,43.25,HIGH,ROOT_CAUSE_CANDIDATE_RESEARCH_ONLY,8,5,MACRO_POLICY_DOMINANT,BEARISH,MACRO_POLICY,MULTI_SOURCE_EVENT_CONSENSUS,41
root_cause_20260723_093302,2026-07-23T09:33:02.263017+00:00,v8.1.0,ROOT_CAUSE_RESEARCH_CANDIDATE,BTC/USDT,4h,6ab31caf8aa357f1,NEUTRAL,48,MACRO_POLICY_PRESSURE,BEARISH,MEDIUM,54.52,HIGH,ROOT_CAUSE_CANDIDATE_RESEARCH_ONLY,7,5,MACRO_POLICY_DOMINANT,BEARISH,MACRO_POLICY,MULTI_SOURCE_EVENT_CONSENSUS,28
root_cause_20260723_093309,2026-07-23T09:33:09.875836+00:00,v8.1.0,ROOT_CAUSE_RESEARCH_CANDIDATE,BTC/USDT,4h,6ab31caf8aa357f1,NEUTRAL,48,MACRO_POLICY_PRESSURE,BEARISH,MEDIUM,54.52,HIGH,ROOT_CAUSE_CANDIDATE_RESEARCH_ONLY,7,5,MACRO_POLICY_DOMINANT,BEARISH,MACRO_POLICY,MULTI_SOURCE_EVENT_CONSENSUS,28
root_cause_20260723_093324,2026-07-23T09:33:24.179066+00:00,v8.1.0,ROOT_CAUSE_RESEARCH_CANDIDATE,BTC/USDT,4h,6ab31caf8aa357f1,NEUTRAL,48,MACRO_POLICY_PRESSURE,BEARISH,MEDIUM,54.52,HIGH,ROOT_CAUSE_CANDIDATE_RESEARCH_ONLY,7,5,MACRO_POLICY_DOMINANT,BEARISH,MACRO_POLICY,MULTI_SOURCE_EVENT_CONSENSUS,28
root_cause_20260723_093335,2026-07-23T09:33:35.063668+00:00,v8.1.0,ROOT_CAUSE_RESEARCH_CANDIDATE,BTC/USDT,4h,6ab31caf8aa357f1,NEUTRAL,48,MACRO_POLICY_PRESSURE,BEARISH,MEDIUM,54.52,HIGH,ROOT_CAUSE_CANDIDATE_RESEARCH_ONLY,7,5,MACRO_POLICY_DOMINANT,BEARISH,MACRO_POLICY,MULTI_SOURCE_EVENT_CONSENSUS,28
root_cause_20260723_170637,2026-07-23T17:06:37.550786+00:00,v8.1.0,ROOT_CAUSE_MIXED_WITH_CONTRADICTIONS,BTC/USDT,4h,45193097b35fec28,SHORT,78,MACRO_POLICY_PRESSURE,BEARISH,LOW,28.22,HIGH,PROBABLE_CAUSE_BUT_CONFLICTED,8,4,MACRO_POLICY_DOMINANT,MIXED_OR_NEUTRAL,MACRO_POLICY,AUTO_EVENTS_CONTEXT,46
root_cause_20260723_170646,2026-07-23T17:06:46.538470+00:00,v8.1.0,ROOT_CAUSE_MIXED_WITH_CONTRADICTIONS,BTC/USDT,4h,45193097b35fec28,SHORT,78,MACRO_POLICY_PRESSURE,BEARISH,LOW,28.22,HIGH,PROBABLE_CAUSE_BUT_CONFLICTED,8,4,MACRO_POLICY_DOMINANT,MIXED_OR_NEUTRAL,MACRO_POLICY,AUTO_EVENTS_CONTEXT,46
root_cause_20260723_170658,2026-07-23T17:06:58.272420+00:00,v8.1.0,ROOT_CAUSE_MIXED_WITH_CONTRADICTIONS,BTC/USDT,4h,45193097b35fec28,SHORT,78,MACRO_POLICY_PRESSURE,BEARISH,LOW,28.22,HIGH,PROBABLE_CAUSE_BUT_CONFLICTED,8,4,MACRO_POLICY_DOMINANT,MIXED_OR_NEUTRAL,MACRO_POLICY,AUTO_EVENTS_CONTEXT,46
root_cause_20260723_170709,2026-07-23T17:07:09.601190+00:00,v8.1.0,ROOT_CAUSE_MIXED_WITH_CONTRADICTIONS,BTC/USDT,4h,45193097b35fec28,SHORT,78,MACRO_POLICY_PRESSURE,BEARISH,LOW,28.22,HIGH,PROBABLE_CAUSE_BUT_CONFLICTED,8,4,MACRO_POLICY_DOMINANT,MIXED_OR_NEUTRAL,MACRO_POLICY,AUTO_EVENTS_CONTEXT,46
root_cause_20260723_233412,2026-07-23T23:34:12.741718+00:00,v8.1.0,ROOT_CAUSE_MIXED_WITH_CONTRADICTIONS,BTC/USDT,4h,9ef1831d3e5e7db2,SHORT,54,LIQUIDITY_VOLUME_FLOW,BEARISH,LOW,34.7,MEDIUM,PROBABLE_CAUSE_BUT_CONFLICTED,6,2,EVENT_CONTEXT_DOMINANT,MIXED_OR_NEUTRAL,REGULATORY_RISK,STRUCTURE_BREAKOUT_WEAK_VOLUME_CONFIRMATION,58
root_cause_20260723_233420,2026-07-23T23:34:20.730142+00:00,v8.1.0,ROOT_CAUSE_MIXED_WITH_CONTRADICTIONS,BTC/USDT,4h,9ef1831d3e5e7db2,SHORT,54,LIQUIDITY_VOLUME_FLOW,BEARISH,LOW,34.7,MEDIUM,PROBABLE_CAUSE_BUT_CONFLICTED,6,2,EVENT_CONTEXT_DOMINANT,MIXED_OR_NEUTRAL,REGULATORY_RISK,STRUCTURE_BREAKOUT_WEAK_VOLUME_CONFIRMATION,58
root_cause_20260723_233433,2026-07-23T23:34:33.575054+00:00,v8.1.0,ROOT_CAUSE_MIXED_WITH_CONTRADICTIONS,BTC/USDT,4h,9ef1831d3e5e7db2,SHORT,54,LIQUIDITY_VOLUME_FLOW,BEARISH,LOW,34.7,MEDIUM,PROBABLE_CAUSE_BUT_CONFLICTED,6,2,EVENT_CONTEXT_DOMINANT,MIXED_OR_NEUTRAL,REGULATORY_RISK,STRUCTURE_BREAKOUT_WEAK_VOLUME_CONFIRMATION,58
root_cause_20260723_233445,2026-07-23T23:34:45.945827+00:00,v8.1.0,ROOT_CAUSE_MIXED_WITH_CONTRADICTIONS,BTC/USDT,4h,9ef1831d3e5e7db2,SHORT,54,LIQUIDITY_VOLUME_FLOW,BEARISH,LOW,34.7,MEDIUM,PROBABLE_CAUSE_BUT_CONFLICTED,6,2,EVENT_CONTEXT_DOMINANT,MIXED_OR_NEUTRAL,REGULATORY_RISK,STRUCTURE_BREAKOUT_WEAK_VOLUME_CONFIRMATION,58
root_cause_20260724_091404,2026-07-24T09:14:04.566729+00:00,v8.1.0,ROOT_CAUSE_MIXED_WITH_CONTRADICTIONS,BTC/USDT,4h,78bc66f87d976f16,NEUTRAL,16,TECHNICAL_STRUCTURE_MOMENTUM,MIXED_OR_NEUTRAL,LOW,29.8,MEDIUM,PROBABLE_CAUSE_BUT_CONFLICTED,5,2,EVENT_CONTEXT_DOMINANT,MIXED_OR_NEUTRAL,REGULATORY_RISK,STRUCTURE_BREAKOUT_WEAK_VOLUME_CONFIRMATION,63
root_cause_20260724_091412,2026-07-24T09:14:12.475323+00:00,v8.1.0,ROOT_CAUSE_MIXED_WITH_CONTRADICTIONS,BTC/USDT,4h,78bc66f87d976f16,NEUTRAL,16,TECHNICAL_STRUCTURE_MOMENTUM,MIXED_OR_NEUTRAL,LOW,29.8,MEDIUM,PROBABLE_CAUSE_BUT_CONFLICTED,5,2,EVENT_CONTEXT_DOMINANT,MIXED_OR_NEUTRAL,REGULATORY_RISK,STRUCTURE_BREAKOUT_WEAK_VOLUME_CONFIRMATION,63
root_cause_20260724_091423,2026-07-24T09:14:23.664390+00:00,v8.1.0,ROOT_CAUSE_MIXED_WITH_CONTRADICTIONS,BTC/USDT,4h,78bc66f87d976f16,NEUTRAL,16,TECHNICAL_STRUCTURE_MOMENTUM,MIXED_OR_NEUTRAL,LOW,29.8,MEDIUM,PROBABLE_CAUSE_BUT_CONFLICTED,5,2,EVENT_CONTEXT_DOMINANT,MIXED_OR_NEUTRAL,REGULATORY_RISK,STRUCTURE_BREAKOUT_WEAK_VOLUME_CONFIRMATION,63
root_cause_20260724_091434,2026-07-24T09:14:34.996110+00:00,v8.1.0,ROOT_CAUSE_MIXED_WITH_CONTRADICTIONS,BTC/USDT,4h,78bc66f87d976f16,NEUTRAL,16,TECHNICAL_STRUCTURE_MOMENTUM,MIXED_OR_NEUTRAL,LOW,29.8,MEDIUM,PROBABLE_CAUSE_BUT_CONFLICTED,5,2,EVENT_CONTEXT_DOMINANT,MIXED_OR_NEUTRAL,REGULATORY_RISK,STRUCTURE_BREAKOUT_WEAK_VOLUME_CONFIRMATION,63
root_cause_20260724_175910,2026-07-24T17:59:10.269468+00:00,v8.1.0,ROOT_CAUSE_MIXED_WITH_CONTRADICTIONS,BTC/USDT,4h,ce2152a38e8b04ed,SHORT,98,LIQUIDITY_VOLUME_FLOW,BEARISH,LOW,36.02,MEDIUM,PROBABLE_CAUSE_BUT_CONFLICTED,6,2,EVENT_CONTEXT_DOMINANT,MIXED_OR_NEUTRAL,REGULATORY_RISK,STRUCTURE_BREAKOUT_WEAK_VOLUME_CONFIRMATION,61
root_cause_20260724_175918,2026-07-24T17:59:18.644463+00:00,v8.1.0,ROOT_CAUSE_MIXED_WITH_CONTRADICTIONS,BTC/USDT,4h,ce2152a38e8b04ed,SHORT,98,LIQUIDITY_VOLUME_FLOW,BEARISH,LOW,36.02,MEDIUM,PROBABLE_CAUSE_BUT_CONFLICTED,6,2,EVENT_CONTEXT_DOMINANT,MIXED_OR_NEUTRAL,REGULATORY_RISK,STRUCTURE_BREAKOUT_WEAK_VOLUME_CONFIRMATION,61
root_cause_20260724_175930,2026-07-24T17:59:30.804820+00:00,v8.1.0,ROOT_CAUSE_MIXED_WITH_CONTRADICTIONS,BTC/USDT,4h,ce2152a38e8b04ed,SHORT,98,LIQUIDITY_VOLUME_FLOW,BEARISH,LOW,36.02,MEDIUM,PROBABLE_CAUSE_BUT_CONFLICTED,6,2,EVENT_CONTEXT_DOMINANT,MIXED_OR_NEUTRAL,REGULATORY_RISK,STRUCTURE_BREAKOUT_WEAK_VOLUME_CONFIRMATION,61
root_cause_20260724_175941,2026-07-24T17:59:41.439640+00:00,v8.1.0,ROOT_CAUSE_MIXED_WITH_CONTRADICTIONS,BTC/USDT,4h,ce2152a38e8b04ed,SHORT,98,LIQUIDITY_VOLUME_FLOW,BEARISH,LOW,36.02,MEDIUM,PROBABLE_CAUSE_BUT_CONFLICTED,6,2,EVENT_CONTEXT_DOMINANT,MIXED_OR_NEUTRAL,REGULATORY_RISK,STRUCTURE_BREAKOUT_WEAK_VOLUME_CONFIRMATION,61
root_cause_20260724_234809,2026-07-24T23:48:09.241328+00:00,v8.1.0,ROOT_CAUSE_MIXED_WITH_CONTRADICTIONS,BTC/USDT,4h,1e30f73c0bdf612b,NEUTRAL,46,TECHNICAL_STRUCTURE_MOMENTUM,MIXED_OR_NEUTRAL,LOW,31.06,MEDIUM,PROBABLE_CAUSE_BUT_CONFLICTED,5,2,EVENT_CONTEXT_DOMINANT,MIXED_OR_NEUTRAL,REGULATORY_RISK,STRUCTURE_BREAKOUT_WEAK_VOLUME_CONFIRMATION,60
root_cause_20260724_234819,2026-07-24T23:48:19.278002+00:00,v8.1.0,ROOT_CAUSE_MIXED_WITH_CONTRADICTIONS,BTC/USDT,4h,1e30f73c0bdf612b,NEUTRAL,46,TECHNICAL_STRUCTURE_MOMENTUM,MIXED_OR_NEUTRAL,LOW,31.06,MEDIUM,PROBABLE_CAUSE_BUT_CONFLICTED,5,2,EVENT_CONTEXT_DOMINANT,MIXED_OR_NEUTRAL,REGULATORY_RISK,STRUCTURE_BREAKOUT_WEAK_VOLUME_CONFIRMATION,60
root_cause_20260724_234830,2026-07-24T23:48:30.120191+00:00,v8.1.0,ROOT_CAUSE_MIXED_WITH_CONTRADICTIONS,BTC/USDT,4h,1e30f73c0bdf612b,NEUTRAL,46,TECHNICAL_STRUCTURE_MOMENTUM,MIXED_OR_NEUTRAL,LOW,31.06,MEDIUM,PROBABLE_CAUSE_BUT_CONFLICTED,5,2,EVENT_CONTEXT_DOMINANT,MIXED_OR_NEUTRAL,REGULATORY_RISK,STRUCTURE_BREAKOUT_WEAK_VOLUME_CONFIRMATION,60
root_cause_20260724_234840,2026-07-24T23:48:40.813389+00:00,v8.1.0,ROOT_CAUSE_MIXED_WITH_CONTRADICTIONS,BTC/USDT,4h,1e30f73c0bdf612b,NEUTRAL,46,TECHNICAL_STRUCTURE_MOMENTUM,MIXED_OR_NEUTRAL,LOW,31.06,MEDIUM,PROBABLE_CAUSE_BUT_CONFLICTED,5,2,EVENT_CONTEXT_DOMINANT,MIXED_OR_NEUTRAL,REGULATORY_RISK,STRUCTURE_BREAKOUT_WEAK_VOLUME_CONFIRMATION,60
root_cause_20260725_073659,2026-07-25T07:36:59.239422+00:00,v8.1.0,ROOT_CAUSE_MIXED_WITH_CONTRADICTIONS,BTC/USDT,4h,642125656061be55,NEUTRAL,47,TECHNICAL_STRUCTURE_MOMENTUM,MIXED_OR_NEUTRAL,LOW,31.19,MEDIUM,PROBABLE_CAUSE_BUT_CONFLICTED,5,2,EVENT_CONTEXT_DOMINANT,MIXED_OR_NEUTRAL,REGULATORY_RISK,STRUCTURE_BREAKOUT_WEAK_VOLUME_CONFIRMATION,58
root_cause_20260725_073707,2026-07-25T07:37:07.792239+00:00,v8.1.0,ROOT_CAUSE_MIXED_WITH_CONTRADICTIONS,BTC/USDT,4h,642125656061be55,NEUTRAL,47,TECHNICAL_STRUCTURE_MOMENTUM,MIXED_OR_NEUTRAL,LOW,31.19,MEDIUM,PROBABLE_CAUSE_BUT_CONFLICTED,5,2,EVENT_CONTEXT_DOMINANT,MIXED_OR_NEUTRAL,REGULATORY_RISK,STRUCTURE_BREAKOUT_WEAK_VOLUME_CONFIRMATION,58
root_cause_20260725_073719,2026-07-25T07:37:19.884913+00:00,v8.1.0,ROOT_CAUSE_MIXED_WITH_CONTRADICTIONS,BTC/USDT,4h,642125656061be55,NEUTRAL,47,TECHNICAL_STRUCTURE_MOMENTUM,MIXED_OR_NEUTRAL,LOW,31.19,MEDIUM,PROBABLE_CAUSE_BUT_CONFLICTED,5,2,EVENT_CONTEXT_DOMINANT,MIXED_OR_NEUTRAL,REGULATORY_RISK,STRUCTURE_BREAKOUT_WEAK_VOLUME_CONFIRMATION,58
root_cause_20260725_073730,2026-07-25T07:37:30.503684+00:00,v8.1.0,ROOT_CAUSE_MIXED_WITH_CONTRADICTIONS,BTC/USDT,4h,642125656061be55,NEUTRAL,47,TECHNICAL_STRUCTURE_MOMENTUM,MIXED_OR_NEUTRAL,LOW,31.19,MEDIUM,PROBABLE_CAUSE_BUT_CONFLICTED,5,2,EVENT_CONTEXT_DOMINANT,MIXED_OR_NEUTRAL,REGULATORY_RISK,STRUCTURE_BREAKOUT_WEAK_VOLUME_CONFIRMATION,58
root_cause_20260725_120757,2026-07-25T12:07:57.027110+00:00,v8.1.0,ROOT_CAUSE_MIXED_WITH_CONTRADICTIONS,BTC/USDT,4h,b3a7df91301b1fd0,NEUTRAL,37,TECHNICAL_STRUCTURE_MOMENTUM,MIXED_OR_NEUTRAL,LOW,31.07,MEDIUM,PROBABLE_CAUSE_BUT_CONFLICTED,5,2,EVENT_CONTEXT_DOMINANT,MIXED_OR_NEUTRAL,REGULATORY_RISK,STRUCTURE_BREAKOUT_WEAK_VOLUME_CONFIRMATION,60
root_cause_20260725_120805,2026-07-25T12:08:05.924820+00:00,v8.1.0,ROOT_CAUSE_MIXED_WITH_CONTRADICTIONS,BTC/USDT,4h,b3a7df91301b1fd0,NEUTRAL,37,TECHNICAL_STRUCTURE_MOMENTUM,MIXED_OR_NEUTRAL,LOW,31.07,MEDIUM,PROBABLE_CAUSE_BUT_CONFLICTED,5,2,EVENT_CONTEXT_DOMINANT,MIXED_OR_NEUTRAL,REGULATORY_RISK,STRUCTURE_BREAKOUT_WEAK_VOLUME_CONFIRMATION,60
root_cause_20260725_120818,2026-07-25T12:08:18.316730+00:00,v8.1.0,ROOT_CAUSE_MIXED_WITH_CONTRADICTIONS,BTC/USDT,4h,b3a7df91301b1fd0,NEUTRAL,37,TECHNICAL_STRUCTURE_MOMENTUM,MIXED_OR_NEUTRAL,LOW,31.07,MEDIUM,PROBABLE_CAUSE_BUT_CONFLICTED,5,2,EVENT_CONTEXT_DOMINANT,MIXED_OR_NEUTRAL,REGULATORY_RISK,STRUCTURE_BREAKOUT_WEAK_VOLUME_CONFIRMATION,60
root_cause_20260725_120829,2026-07-25T12:08:29.679239+00:00,v8.1.0,ROOT_CAUSE_MIXED_WITH_CONTRADICTIONS,BTC/USDT,4h,b3a7df91301b1fd0,NEUTRAL,37,TECHNICAL_STRUCTURE_MOMENTUM,MIXED_OR_NEUTRAL,LOW,31.07,MEDIUM,PROBABLE_CAUSE_BUT_CONFLICTED,5,2,EVENT_CONTEXT_DOMINANT,MIXED_OR_NEUTRAL,REGULATORY_RISK,STRUCTURE_BREAKOUT_WEAK_VOLUME_CONFIRMATION,60
root_cause_20260725_155244,2026-07-25T15:52:44.200727+00:00,v8.1.0,ROOT_CAUSE_MIXED_WITH_CONTRADICTIONS,BTC/USDT,4h,b3a7df91301b1fd0,NEUTRAL,37,TECHNICAL_STRUCTURE_MOMENTUM,MIXED_OR_NEUTRAL,LOW,32.08,MEDIUM,PROBABLE_CAUSE_BUT_CONFLICTED,5,2,EVENT_CONTEXT_DOMINANT,MIXED_OR_NEUTRAL,REGULATORY_RISK,STRUCTURE_BREAKOUT_WEAK_VOLUME_CONFIRMATION,64
root_cause_20260725_155250,2026-07-25T15:52:50.820191+00:00,v8.1.0,ROOT_CAUSE_MIXED_WITH_CONTRADICTIONS,BTC/USDT,4h,b3a7df91301b1fd0,NEUTRAL,37,TECHNICAL_STRUCTURE_MOMENTUM,MIXED_OR_NEUTRAL,LOW,32.08,MEDIUM,PROBABLE_CAUSE_BUT_CONFLICTED,5,2,EVENT_CONTEXT_DOMINANT,MIXED_OR_NEUTRAL,REGULATORY_RISK,STRUCTURE_BREAKOUT_WEAK_VOLUME_CONFIRMATION,64
root_cause_20260725_155305,2026-07-25T15:53:05.388320+00:00,v8.1.0,ROOT_CAUSE_MIXED_WITH_CONTRADICTIONS,BTC/USDT,4h,b3a7df91301b1fd0,NEUTRAL,37,TECHNICAL_STRUCTURE_MOMENTUM,MIXED_OR_NEUTRAL,LOW,32.08,MEDIUM,PROBABLE_CAUSE_BUT_CONFLICTED,5,2,EVENT_CONTEXT_DOMINANT,MIXED_OR_NEUTRAL,REGULATORY_RISK,STRUCTURE_BREAKOUT_WEAK_VOLUME_CONFIRMATION,64
root_cause_20260725_155314,2026-07-25T15:53:14.993140+00:00,v8.1.0,ROOT_CAUSE_MIXED_WITH_CONTRADICTIONS,BTC/USDT,4h,b3a7df91301b1fd0,NEUTRAL,37,TECHNICAL_STRUCTURE_MOMENTUM,MIXED_OR_NEUTRAL,LOW,32.08,MEDIUM,PROBABLE_CAUSE_BUT_CONFLICTED,5,2,EVENT_CONTEXT_DOMINANT,MIXED_OR_NEUTRAL,REGULATORY_RISK,STRUCTURE_BREAKOUT_WEAK_VOLUME_CONFIRMATION,64
root_cause_20260725_201551,2026-07-25T20:15:51.270291+00:00,v8.1.0,ROOT_CAUSE_MIXED_WITH_CONTRADICTIONS,BTC/USDT,4h,fe46119ef45ab2d8,NEUTRAL,22,TECHNICAL_STRUCTURE_MOMENTUM,MIXED_OR_NEUTRAL,LOW,32.01,MEDIUM,PROBABLE_CAUSE_BUT_CONFLICTED,5,2,EVENT_CONTEXT_DOMINANT,MIXED_OR_NEUTRAL,REGULATORY_RISK,STRUCTURE_BREAKOUT_WEAK_VOLUME_CONFIRMATION,65
root_cause_20260725_201600,2026-07-25T20:16:00.136494+00:00,v8.1.0,ROOT_CAUSE_MIXED_WITH_CONTRADICTIONS,BTC/USDT,4h,fe46119ef45ab2d8,NEUTRAL,22,TECHNICAL_STRUCTURE_MOMENTUM,MIXED_OR_NEUTRAL,LOW,32.01,MEDIUM,PROBABLE_CAUSE_BUT_CONFLICTED,5,2,EVENT_CONTEXT_DOMINANT,MIXED_OR_NEUTRAL,REGULATORY_RISK,STRUCTURE_BREAKOUT_WEAK_VOLUME_CONFIRMATION,65
root_cause_20260725_201611,2026-07-25T20:16:11.375018+00:00,v8.1.0,ROOT_CAUSE_MIXED_WITH_CONTRADICTIONS,BTC/USDT,4h,fe46119ef45ab2d8,NEUTRAL,22,TECHNICAL_STRUCTURE_MOMENTUM,MIXED_OR_NEUTRAL,LOW,32.01,MEDIUM,PROBABLE_CAUSE_BUT_CONFLICTED,5,2,EVENT_CONTEXT_DOMINANT,MIXED_OR_NEUTRAL,REGULATORY_RISK,STRUCTURE_BREAKOUT_WEAK_VOLUME_CONFIRMATION,65
root_cause_20260725_201623,2026-07-25T20:16:23.108006+00:00,v8.1.0,ROOT_CAUSE_MIXED_WITH_CONTRADICTIONS,BTC/USDT,4h,fe46119ef45ab2d8,NEUTRAL,22,TECHNICAL_STRUCTURE_MOMENTUM,MIXED_OR_NEUTRAL,LOW,32.01,MEDIUM,PROBABLE_CAUSE_BUT_CONFLICTED,5,2,EVENT_CONTEXT_DOMINANT,MIXED_OR_NEUTRAL,REGULATORY_RISK,STRUCTURE_BREAKOUT_WEAK_VOLUME_CONFIRMATION,65
root_cause_20260725_234612,2026-07-25T23:46:12.315497+00:00,v8.1.0,ROOT_CAUSE_MIXED_WITH_CONTRADICTIONS,BTC/USDT,4h,fe46119ef45ab2d8,NEUTRAL,22,TECHNICAL_STRUCTURE_MOMENTUM,MIXED_OR_NEUTRAL,LOW,31.94,MEDIUM,PROBABLE_CAUSE_BUT_CONFLICTED,5,2,EVENT_CONTEXT_DOMINANT,MIXED_OR_NEUTRAL,REGULATORY_RISK,STRUCTURE_BREAKOUT_WEAK_VOLUME_CONFIRMATION,66
root_cause_20260725_234620,2026-07-25T23:46:20.407907+00:00,v8.1.0,ROOT_CAUSE_MIXED_WITH_CONTRADICTIONS,BTC/USDT,4h,fe46119ef45ab2d8,NEUTRAL,22,TECHNICAL_STRUCTURE_MOMENTUM,MIXED_OR_NEUTRAL,LOW,31.94,MEDIUM,PROBABLE_CAUSE_BUT_CONFLICTED,5,2,EVENT_CONTEXT_DOMINANT,MIXED_OR_NEUTRAL,REGULATORY_RISK,STRUCTURE_BREAKOUT_WEAK_VOLUME_CONFIRMATION,66
root_cause_20260725_234631,2026-07-25T23:46:31.469016+00:00,v8.1.0,ROOT_CAUSE_MIXED_WITH_CONTRADICTIONS,BTC/USDT,4h,fe46119ef45ab2d8,NEUTRAL,22,TECHNICAL_STRUCTURE_MOMENTUM,MIXED_OR_NEUTRAL,LOW,31.94,MEDIUM,PROBABLE_CAUSE_BUT_CONFLICTED,5,2,EVENT_CONTEXT_DOMINANT,MIXED_OR_NEUTRAL,REGULATORY_RISK,STRUCTURE_BREAKOUT_WEAK_VOLUME_CONFIRMATION,66
root_cause_20260725_234643,2026-07-25T23:46:43.052720+00:00,v8.1.0,ROOT_CAUSE_MIXED_WITH_CONTRADICTIONS,BTC/USDT,4h,fe46119ef45ab2d8,NEUTRAL,22,TECHNICAL_STRUCTURE_MOMENTUM,MIXED_OR_NEUTRAL,LOW,31.94,MEDIUM,PROBABLE_CAUSE_BUT_CONFLICTED,5,2,EVENT_CONTEXT_DOMINANT,MIXED_OR_NEUTRAL,REGULATORY_RISK,STRUCTURE_BREAKOUT_WEAK_VOLUME_CONFIRMATION,66
root_cause_20260726_090331,2026-07-26T09:03:31.754769+00:00,v8.1.0,ROOT_CAUSE_MIXED_WITH_CONTRADICTIONS,BTC/USDT,4h,0fd0fde991710d92,NEUTRAL,43,TECHNICAL_STRUCTURE_MOMENTUM,MIXED_OR_NEUTRAL,LOW,31.95,MEDIUM,PROBABLE_CAUSE_BUT_CONFLICTED,5,2,EVENT_CONTEXT_DOMINANT,MIXED_OR_NEUTRAL,REGULATORY_RISK,STRUCTURE_BREAKOUT_WEAK_VOLUME_CONFIRMATION,66
root_cause_20260726_090339,2026-07-26T09:03:39.882638+00:00,v8.1.0,ROOT_CAUSE_MIXED_WITH_CONTRADICTIONS,BTC/USDT,4h,0fd0fde991710d92,NEUTRAL,43,TECHNICAL_STRUCTURE_MOMENTUM,MIXED_OR_NEUTRAL,LOW,31.95,MEDIUM,PROBABLE_CAUSE_BUT_CONFLICTED,5,2,EVENT_CONTEXT_DOMINANT,MIXED_OR_NEUTRAL,REGULATORY_RISK,STRUCTURE_BREAKOUT_WEAK_VOLUME_CONFIRMATION,66
root_cause_20260726_090350,2026-07-26T09:03:50.851096+00:00,v8.1.0,ROOT_CAUSE_MIXED_WITH_CONTRADICTIONS,BTC/USDT,4h,0fd0fde991710d92,NEUTRAL,43,TECHNICAL_STRUCTURE_MOMENTUM,MIXED_OR_NEUTRAL,LOW,31.95,MEDIUM,PROBABLE_CAUSE_BUT_CONFLICTED,5,2,EVENT_CONTEXT_DOMINANT,MIXED_OR_NEUTRAL,REGULATORY_RISK,STRUCTURE_BREAKOUT_WEAK_VOLUME_CONFIRMATION,66
root_cause_20260726_090401,2026-07-26T09:04:01.507565+00:00,v8.1.0,ROOT_CAUSE_MIXED_WITH_CONTRADICTIONS,BTC/USDT,4h,0fd0fde991710d92,NEUTRAL,43,TECHNICAL_STRUCTURE_MOMENTUM,MIXED_OR_NEUTRAL,LOW,31.95,MEDIUM,PROBABLE_CAUSE_BUT_CONFLICTED,5,2,EVENT_CONTEXT_DOMINANT,MIXED_OR_NEUTRAL,REGULATORY_RISK,STRUCTURE_BREAKOUT_WEAK_VOLUME_CONFIRMATION,66
root_cause_20260726_154921,2026-07-26T15:49:21.280062+00:00,v8.1.0,ROOT_CAUSE_WEAK_OR_DISTRIBUTED,BTC/USDT,4h,23774c181fb4986c,NEUTRAL,27,REGULATORY_RISK,BEARISH,LOW,61.78,MEDIUM,WEAK_OR_DISTRIBUTED_ROOT_CAUSE,4,2,EVENT_CONTEXT_DOMINANT,MIXED_OR_NEUTRAL,REGULATORY_RISK,NO_CLEAR_INTERNAL_CAUSE,55
root_cause_20260726_154929,2026-07-26T15:49:29.727171+00:00,v8.1.0,ROOT_CAUSE_WEAK_OR_DISTRIBUTED,BTC/USDT,4h,23774c181fb4986c,NEUTRAL,27,REGULATORY_RISK,BEARISH,LOW,61.78,MEDIUM,WEAK_OR_DISTRIBUTED_ROOT_CAUSE,4,2,EVENT_CONTEXT_DOMINANT,MIXED_OR_NEUTRAL,REGULATORY_RISK,NO_CLEAR_INTERNAL_CAUSE,55
root_cause_20260726_154940,2026-07-26T15:49:40.591714+00:00,v8.1.0,ROOT_CAUSE_WEAK_OR_DISTRIBUTED,BTC/USDT,4h,23774c181fb4986c,NEUTRAL,27,REGULATORY_RISK,BEARISH,LOW,61.78,MEDIUM,WEAK_OR_DISTRIBUTED_ROOT_CAUSE,4,2,EVENT_CONTEXT_DOMINANT,MIXED_OR_NEUTRAL,REGULATORY_RISK,NO_CLEAR_INTERNAL_CAUSE,55
root_cause_20260726_154951,2026-07-26T15:49:51.339029+00:00,v8.1.0,ROOT_CAUSE_WEAK_OR_DISTRIBUTED,BTC/USDT,4h,23774c181fb4986c,NEUTRAL,27,REGULATORY_RISK,BEARISH,LOW,61.78,MEDIUM,WEAK_OR_DISTRIBUTED_ROOT_CAUSE,4,2,EVENT_CONTEXT_DOMINANT,MIXED_OR_NEUTRAL,REGULATORY_RISK,NO_CLEAR_INTERNAL_CAUSE,55
root_cause_20260726_201830,2026-07-26T20:18:30.267717+00:00,v8.1.0,ROOT_CAUSE_MIXED_WITH_CONTRADICTIONS,BTC/USDT,4h,225741368c3a0312,NEUTRAL,21,REGULATORY_RISK,BEARISH,LOW,29.45,MEDIUM,PROBABLE_CAUSE_BUT_CONFLICTED,5,2,EVENT_CONTEXT_DOMINANT,MIXED_OR_NEUTRAL,REGULATORY_RISK,STRUCTURE_BREAKOUT_WEAK_VOLUME_CONFIRMATION,67
root_cause_20260726_201838,2026-07-26T20:18:38.735125+00:00,v8.1.0,ROOT_CAUSE_MIXED_WITH_CONTRADICTIONS,BTC/USDT,4h,225741368c3a0312,NEUTRAL,21,REGULATORY_RISK,BEARISH,LOW,29.45,MEDIUM,PROBABLE_CAUSE_BUT_CONFLICTED,5,2,EVENT_CONTEXT_DOMINANT,MIXED_OR_NEUTRAL,REGULATORY_RISK,STRUCTURE_BREAKOUT_WEAK_VOLUME_CONFIRMATION,67
root_cause_20260726_201849,2026-07-26T20:18:49.894821+00:00,v8.1.0,ROOT_CAUSE_MIXED_WITH_CONTRADICTIONS,BTC/USDT,4h,225741368c3a0312,NEUTRAL,21,REGULATORY_RISK,BEARISH,LOW,29.45,MEDIUM,PROBABLE_CAUSE_BUT_CONFLICTED,5,2,EVENT_CONTEXT_DOMINANT,MIXED_OR_NEUTRAL,REGULATORY_RISK,STRUCTURE_BREAKOUT_WEAK_VOLUME_CONFIRMATION,67
root_cause_20260726_201901,2026-07-26T20:19:01.144786+00:00,v8.1.0,ROOT_CAUSE_MIXED_WITH_CONTRADICTIONS,BTC/USDT,4h,225741368c3a0312,NEUTRAL,21,REGULATORY_RISK,BEARISH,LOW,29.45,MEDIUM,PROBABLE_CAUSE_BUT_CONFLICTED,5,2,EVENT_CONTEXT_DOMINANT,MIXED_OR_NEUTRAL,REGULATORY_RISK,STRUCTURE_BREAKOUT_WEAK_VOLUME_CONFIRMATION,67
root_cause_20260726_234452,2026-07-26T23:44:52.225816+00:00,v8.1.0,ROOT_CAUSE_MIXED_WITH_CONTRADICTIONS,BTC/USDT,4h,225741368c3a0312,NEUTRAL,21,REGULATORY_RISK,BEARISH,LOW,29.23,MEDIUM,PROBABLE_CAUSE_BUT_CONFLICTED,5,2,EVENT_CONTEXT_DOMINANT,MIXED_OR_NEUTRAL,REGULATORY_RISK,STRUCTURE_BREAKOUT_WEAK_VOLUME_CONFIRMATION,70
root_cause_20260726_234500,2026-07-26T23:45:00.441844+00:00,v8.1.0,ROOT_CAUSE_MIXED_WITH_CONTRADICTIONS,BTC/USDT,4h,225741368c3a0312,NEUTRAL,21,REGULATORY_RISK,BEARISH,LOW,29.23,MEDIUM,PROBABLE_CAUSE_BUT_CONFLICTED,5,2,EVENT_CONTEXT_DOMINANT,MIXED_OR_NEUTRAL,REGULATORY_RISK,STRUCTURE_BREAKOUT_WEAK_VOLUME_CONFIRMATION,70
root_cause_20260726_234515,2026-07-26T23:45:15.733267+00:00,v8.1.0,ROOT_CAUSE_MIXED_WITH_CONTRADICTIONS,BTC/USDT,4h,225741368c3a0312,NEUTRAL,21,REGULATORY_RISK,BEARISH,LOW,29.23,MEDIUM,PROBABLE_CAUSE_BUT_CONFLICTED,5,2,EVENT_CONTEXT_DOMINANT,MIXED_OR_NEUTRAL,REGULATORY_RISK,STRUCTURE_BREAKOUT_WEAK_VOLUME_CONFIRMATION,70
root_cause_20260726_234527,2026-07-26T23:45:27.192573+00:00,v8.1.0,ROOT_CAUSE_MIXED_WITH_CONTRADICTIONS,BTC/USDT,4h,225741368c3a0312,NEUTRAL,21,REGULATORY_RISK,BEARISH,LOW,29.23,MEDIUM,PROBABLE_CAUSE_BUT_CONFLICTED,5,2,EVENT_CONTEXT_DOMINANT,MIXED_OR_NEUTRAL,REGULATORY_RISK,STRUCTURE_BREAKOUT_WEAK_VOLUME_CONFIRMATION,70
root_cause_20260727_124339,2026-07-27T12:43:39.228271+00:00,v8.1.0,ROOT_CAUSE_MIXED_WITH_CONTRADICTIONS,BTC/USDT,4h,ca00b20da8c5ab91,NEUTRAL,20,TECHNICAL_STRUCTURE_MOMENTUM,MIXED_OR_NEUTRAL,LOW,33.39,MEDIUM,PROBABLE_CAUSE_BUT_CONFLICTED,5,2,EVENT_CONTEXT_DOMINANT,MIXED_OR_NEUTRAL,REGULATORY_RISK,STRUCTURE_BREAKOUT_WEAK_VOLUME_CONFIRMATION,69
root_cause_20260727_124346,2026-07-27T12:43:46.675732+00:00,v8.1.0,ROOT_CAUSE_MIXED_WITH_CONTRADICTIONS,BTC/USDT,4h,ca00b20da8c5ab91,NEUTRAL,20,TECHNICAL_STRUCTURE_MOMENTUM,MIXED_OR_NEUTRAL,LOW,33.39,MEDIUM,PROBABLE_CAUSE_BUT_CONFLICTED,5,2,EVENT_CONTEXT_DOMINANT,MIXED_OR_NEUTRAL,REGULATORY_RISK,STRUCTURE_BREAKOUT_WEAK_VOLUME_CONFIRMATION,69
root_cause_20260727_124359,2026-07-27T12:43:59.436296+00:00,v8.1.0,ROOT_CAUSE_MIXED_WITH_CONTRADICTIONS,BTC/USDT,4h,ca00b20da8c5ab91,NEUTRAL,20,TECHNICAL_STRUCTURE_MOMENTUM,MIXED_OR_NEUTRAL,LOW,33.39,MEDIUM,PROBABLE_CAUSE_BUT_CONFLICTED,5,2,EVENT_CONTEXT_DOMINANT,MIXED_OR_NEUTRAL,REGULATORY_RISK,STRUCTURE_BREAKOUT_WEAK_VOLUME_CONFIRMATION,69
root_cause_20260727_124410,2026-07-27T12:44:10.262449+00:00,v8.1.0,ROOT_CAUSE_MIXED_WITH_CONTRADICTIONS,BTC/USDT,4h,ca00b20da8c5ab91,NEUTRAL,20,TECHNICAL_STRUCTURE_MOMENTUM,MIXED_OR_NEUTRAL,LOW,33.39,MEDIUM,PROBABLE_CAUSE_BUT_CONFLICTED,5,2,EVENT_CONTEXT_DOMINANT,MIXED_OR_NEUTRAL,REGULATORY_RISK,STRUCTURE_BREAKOUT_WEAK_VOLUME_CONFIRMATION,69
root_cause_20260727_205324,2026-07-27T20:53:24.176109+00:00,v8.1.0,ROOT_CAUSE_MIXED_WITH_CONTRADICTIONS,BTC/USDT,4h,7a2db4ab07a7dc1e,LONG,75,LIQUIDITY_VOLUME_FLOW,BULLISH,LOW,39.28,MEDIUM,PROBABLE_CAUSE_BUT_CONFLICTED,6,2,EVENT_CONTEXT_DOMINANT,MIXED_OR_NEUTRAL,REGULATORY_RISK,STRUCTURE_BREAKOUT_WEAK_VOLUME_CONFIRMATION,66
root_cause_20260727_205332,2026-07-27T20:53:32.361825+00:00,v8.1.0,ROOT_CAUSE_MIXED_WITH_CONTRADICTIONS,BTC/USDT,4h,7a2db4ab07a7dc1e,LONG,75,LIQUIDITY_VOLUME_FLOW,BULLISH,LOW,39.28,MEDIUM,PROBABLE_CAUSE_BUT_CONFLICTED,6,2,EVENT_CONTEXT_DOMINANT,MIXED_OR_NEUTRAL,REGULATORY_RISK,STRUCTURE_BREAKOUT_WEAK_VOLUME_CONFIRMATION,66
root_cause_20260727_205347,2026-07-27T20:53:47.617242+00:00,v8.1.0,ROOT_CAUSE_MIXED_WITH_CONTRADICTIONS,BTC/USDT,4h,7a2db4ab07a7dc1e,LONG,75,LIQUIDITY_VOLUME_FLOW,BULLISH,LOW,39.28,MEDIUM,PROBABLE_CAUSE_BUT_CONFLICTED,6,2,EVENT_CONTEXT_DOMINANT,MIXED_OR_NEUTRAL,REGULATORY_RISK,STRUCTURE_BREAKOUT_WEAK_VOLUME_CONFIRMATION,66
root_cause_20260727_205358,2026-07-27T20:53:58.948665+00:00,v8.1.0,ROOT_CAUSE_MIXED_WITH_CONTRADICTIONS,BTC/USDT,4h,7a2db4ab07a7dc1e,LONG,75,LIQUIDITY_VOLUME_FLOW,BULLISH,LOW,39.28,MEDIUM,PROBABLE_CAUSE_BUT_CONFLICTED,6,2,EVENT_CONTEXT_DOMINANT,MIXED_OR_NEUTRAL,REGULATORY_RISK,STRUCTURE_BREAKOUT_WEAK_VOLUME_CONFIRMATION,66
root_cause_20260728_101359,2026-07-28T10:13:59.324978+00:00,v8.1.0,ROOT_CAUSE_MIXED_WITH_CONTRADICTIONS,BTC/USDT,4h,623babb98492c42b,NEUTRAL,39,TECHNICAL_STRUCTURE_MOMENTUM,MIXED_OR_NEUTRAL,LOW,28.52,MEDIUM,PROBABLE_CAUSE_BUT_CONFLICTED,6,3,EVENT_CONTEXT_DOMINANT,MIXED_OR_NEUTRAL,REGULATORY_RISK,STRUCTURE_BREAKOUT_WEAK_VOLUME_CONFIRMATION,50
root_cause_20260728_101407,2026-07-28T10:14:07.086928+00:00,v8.1.0,ROOT_CAUSE_MIXED_WITH_CONTRADICTIONS,BTC/USDT,4h,623babb98492c42b,NEUTRAL,39,TECHNICAL_STRUCTURE_MOMENTUM,MIXED_OR_NEUTRAL,LOW,28.52,MEDIUM,PROBABLE_CAUSE_BUT_CONFLICTED,6,3,EVENT_CONTEXT_DOMINANT,MIXED_OR_NEUTRAL,REGULATORY_RISK,STRUCTURE_BREAKOUT_WEAK_VOLUME_CONFIRMATION,50
root_cause_20260728_101419,2026-07-28T10:14:19.111054+00:00,v8.1.0,ROOT_CAUSE_MIXED_WITH_CONTRADICTIONS,BTC/USDT,4h,623babb98492c42b,NEUTRAL,39,TECHNICAL_STRUCTURE_MOMENTUM,MIXED_OR_NEUTRAL,LOW,28.52,MEDIUM,PROBABLE_CAUSE_BUT_CONFLICTED,6,3,EVENT_CONTEXT_DOMINANT,MIXED_OR_NEUTRAL,REGULATORY_RISK,STRUCTURE_BREAKOUT_WEAK_VOLUME_CONFIRMATION,50
root_cause_20260728_101430,2026-07-28T10:14:30.097439+00:00,v8.1.0,ROOT_CAUSE_MIXED_WITH_CONTRADICTIONS,BTC/USDT,4h,623babb98492c42b,NEUTRAL,39,TECHNICAL_STRUCTURE_MOMENTUM,MIXED_OR_NEUTRAL,LOW,28.52,MEDIUM,PROBABLE_CAUSE_BUT_CONFLICTED,6,3,EVENT_CONTEXT_DOMINANT,MIXED_OR_NEUTRAL,REGULATORY_RISK,STRUCTURE_BREAKOUT_WEAK_VOLUME_CONFIRMATION,50
root_cause_20260728_171555,2026-07-28T17:15:55.727398+00:00,v8.1.0,ROOT_CAUSE_MIXED_WITH_CONTRADICTIONS,BTC/USDT,4h,b9bf53c1c6d053b3,SHORT,64,LIQUIDITY_VOLUME_FLOW,BEARISH,LOW,32.73,MEDIUM,PROBABLE_CAUSE_BUT_CONFLICTED,7,3,EVENT_CONTEXT_DOMINANT,MIXED_OR_NEUTRAL,REGULATORY_RISK,STRUCTURE_BREAKOUT_WEAK_VOLUME_CONFIRMATION,57
root_cause_20260728_171603,2026-07-28T17:16:03.623005+00:00,v8.1.0,ROOT_CAUSE_MIXED_WITH_CONTRADICTIONS,BTC/USDT,4h,b9bf53c1c6d053b3,SHORT,64,LIQUIDITY_VOLUME_FLOW,BEARISH,LOW,32.73,MEDIUM,PROBABLE_CAUSE_BUT_CONFLICTED,7,3,EVENT_CONTEXT_DOMINANT,MIXED_OR_NEUTRAL,REGULATORY_RISK,STRUCTURE_BREAKOUT_WEAK_VOLUME_CONFIRMATION,57
root_cause_20260728_171615,2026-07-28T17:16:15.220552+00:00,v8.1.0,ROOT_CAUSE_MIXED_WITH_CONTRADICTIONS,BTC/USDT,4h,b9bf53c1c6d053b3,SHORT,64,LIQUIDITY_VOLUME_FLOW,BEARISH,LOW,32.73,MEDIUM,PROBABLE_CAUSE_BUT_CONFLICTED,7,3,EVENT_CONTEXT_DOMINANT,MIXED_OR_NEUTRAL,REGULATORY_RISK,STRUCTURE_BREAKOUT_WEAK_VOLUME_CONFIRMATION,57
root_cause_20260728_171626,2026-07-28T17:16:26.702905+00:00,v8.1.0,ROOT_CAUSE_MIXED_WITH_CONTRADICTIONS,BTC/USDT,4h,b9bf53c1c6d053b3,SHORT,64,LIQUIDITY_VOLUME_FLOW,BEARISH,LOW,32.73,MEDIUM,PROBABLE_CAUSE_BUT_CONFLICTED,7,3,EVENT_CONTEXT_DOMINANT,MIXED_OR_NEUTRAL,REGULATORY_RISK,STRUCTURE_BREAKOUT_WEAK_VOLUME_CONFIRMATION,57
root_cause_20260728_234305,2026-07-28T23:43:05.733722+00:00,v8.1.0,ROOT_CAUSE_MIXED_WITH_CONTRADICTIONS,BTC/USDT,4h,f82204c7e01fc2b6,NEUTRAL,48,TECHNICAL_STRUCTURE_MOMENTUM,MIXED_OR_NEUTRAL,LOW,28.65,MEDIUM,PROBABLE_CAUSE_BUT_CONFLICTED,6,3,EVENT_CONTEXT_DOMINANT,MIXED_OR_NEUTRAL,REGULATORY_RISK,STRUCTURE_BREAKOUT_WEAK_VOLUME_CONFIRMATION,62
root_cause_20260728_234314,2026-07-28T23:43:14.747122+00:00,v8.1.0,ROOT_CAUSE_MIXED_WITH_CONTRADICTIONS,BTC/USDT,4h,f82204c7e01fc2b6,NEUTRAL,48,TECHNICAL_STRUCTURE_MOMENTUM,MIXED_OR_NEUTRAL,LOW,28.65,MEDIUM,PROBABLE_CAUSE_BUT_CONFLICTED,6,3,EVENT_CONTEXT_DOMINANT,MIXED_OR_NEUTRAL,REGULATORY_RISK,STRUCTURE_BREAKOUT_WEAK_VOLUME_CONFIRMATION,62
root_cause_20260728_234330,2026-07-28T23:43:30.451167+00:00,v8.1.0,ROOT_CAUSE_MIXED_WITH_CONTRADICTIONS,BTC/USDT,4h,f82204c7e01fc2b6,NEUTRAL,48,TECHNICAL_STRUCTURE_MOMENTUM,MIXED_OR_NEUTRAL,LOW,28.65,MEDIUM,PROBABLE_CAUSE_BUT_CONFLICTED,6,3,EVENT_CONTEXT_DOMINANT,MIXED_OR_NEUTRAL,REGULATORY_RISK,STRUCTURE_BREAKOUT_WEAK_VOLUME_CONFIRMATION,62
root_cause_20260728_234342,2026-07-28T23:43:42.793457+00:00,v8.1.0,ROOT_CAUSE_MIXED_WITH_CONTRADICTIONS,BTC/USDT,4h,f82204c7e01fc2b6,NEUTRAL,48,TECHNICAL_STRUCTURE_MOMENTUM,MIXED_OR_NEUTRAL,LOW,28.65,MEDIUM,PROBABLE_CAUSE_BUT_CONFLICTED,6,3,EVENT_CONTEXT_DOMINANT,MIXED_OR_NEUTRAL,REGULATORY_RISK,STRUCTURE_BREAKOUT_WEAK_VOLUME_CONFIRMATION,62
root_cause_20260729_101722,2026-07-29T10:17:22.078421+00:00,v8.1.0,ROOT_CAUSE_MIXED_WITH_CONTRADICTIONS,BTC/USDT,4h,686782af7a289c69,NEUTRAL,38,TECHNICAL_STRUCTURE_MOMENTUM,MIXED_OR_NEUTRAL,LOW,28.55,MEDIUM,PROBABLE_CAUSE_BUT_CONFLICTED,6,3,EVENT_CONTEXT_DOMINANT,MIXED_OR_NEUTRAL,REGULATORY_RISK,STRUCTURE_BREAKOUT_WEAK_VOLUME_CONFIRMATION,64
root_cause_20260729_101730,2026-07-29T10:17:30.828819+00:00,v8.1.0,ROOT_CAUSE_MIXED_WITH_CONTRADICTIONS,BTC/USDT,4h,686782af7a289c69,NEUTRAL,38,TECHNICAL_STRUCTURE_MOMENTUM,MIXED_OR_NEUTRAL,LOW,28.55,MEDIUM,PROBABLE_CAUSE_BUT_CONFLICTED,6,3,EVENT_CONTEXT_DOMINANT,MIXED_OR_NEUTRAL,REGULATORY_RISK,STRUCTURE_BREAKOUT_WEAK_VOLUME_CONFIRMATION,64
root_cause_20260729_101743,2026-07-29T10:17:43.577536+00:00,v8.1.0,ROOT_CAUSE_MIXED_WITH_CONTRADICTIONS,BTC/USDT,4h,686782af7a289c69,NEUTRAL,38,TECHNICAL_STRUCTURE_MOMENTUM,MIXED_OR_NEUTRAL,LOW,28.55,MEDIUM,PROBABLE_CAUSE_BUT_CONFLICTED,6,3,EVENT_CONTEXT_DOMINANT,MIXED_OR_NEUTRAL,REGULATORY_RISK,STRUCTURE_BREAKOUT_WEAK_VOLUME_CONFIRMATION,64
root_cause_20260729_101755,2026-07-29T10:17:55.182371+00:00,v8.1.0,ROOT_CAUSE_MIXED_WITH_CONTRADICTIONS,BTC/USDT,4h,686782af7a289c69,NEUTRAL,38,TECHNICAL_STRUCTURE_MOMENTUM,MIXED_OR_NEUTRAL,LOW,28.55,MEDIUM,PROBABLE_CAUSE_BUT_CONFLICTED,6,3,EVENT_CONTEXT_DOMINANT,MIXED_OR_NEUTRAL,REGULATORY_RISK,STRUCTURE_BREAKOUT_WEAK_VOLUME_CONFIRMATION,64
root_cause_20260729_165541,2026-07-29T16:55:41.016495+00:00,v8.1.0,ROOT_CAUSE_MIXED_WITH_CONTRADICTIONS,BTC/USDT,4h,ca949ccc20e71d1f,SHORT,62,LIQUIDITY_VOLUME_FLOW,BEARISH,LOW,32.58,MEDIUM,PROBABLE_CAUSE_BUT_CONFLICTED,7,2,MIXED_NARRATIVE_CONFLICT,MIXED_OR_NEUTRAL,REGULATORY_RISK,STRUCTURE_BREAKOUT_WEAK_VOLUME_CONFIRMATION,69
root_cause_20260729_165550,2026-07-29T16:55:50.063281+00:00,v8.1.0,ROOT_CAUSE_MIXED_WITH_CONTRADICTIONS,BTC/USDT,4h,ca949ccc20e71d1f,SHORT,62,LIQUIDITY_VOLUME_FLOW,BEARISH,LOW,32.58,MEDIUM,PROBABLE_CAUSE_BUT_CONFLICTED,7,2,MIXED_NARRATIVE_CONFLICT,MIXED_OR_NEUTRAL,REGULATORY_RISK,STRUCTURE_BREAKOUT_WEAK_VOLUME_CONFIRMATION,69
root_cause_20260729_165601,2026-07-29T16:56:01.153947+00:00,v8.1.0,ROOT_CAUSE_MIXED_WITH_CONTRADICTIONS,BTC/USDT,4h,ca949ccc20e71d1f,SHORT,62,LIQUIDITY_VOLUME_FLOW,BEARISH,LOW,32.58,MEDIUM,PROBABLE_CAUSE_BUT_CONFLICTED,7,2,MIXED_NARRATIVE_CONFLICT,MIXED_OR_NEUTRAL,REGULATORY_RISK,STRUCTURE_BREAKOUT_WEAK_VOLUME_CONFIRMATION,69
root_cause_20260729_165612,2026-07-29T16:56:12.213090+00:00,v8.1.0,ROOT_CAUSE_MIXED_WITH_CONTRADICTIONS,BTC/USDT,4h,ca949ccc20e71d1f,SHORT,62,LIQUIDITY_VOLUME_FLOW,BEARISH,LOW,32.58,MEDIUM,PROBABLE_CAUSE_BUT_CONFLICTED,7,2,MIXED_NARRATIVE_CONFLICT,MIXED_OR_NEUTRAL,REGULATORY_RISK,STRUCTURE_BREAKOUT_WEAK_VOLUME_CONFIRMATION,69
root_cause_20260729_234647,2026-07-29T23:46:47.625010+00:00,v8.1.0,ROOT_CAUSE_WEAK_OR_DISTRIBUTED,BTC/USDT,4h,3b8dbac4326c2ec5,SHORT,62,TECHNICAL_STRUCTURE_MOMENTUM,BEARISH,LOW,23.51,MEDIUM,WEAK_OR_DISTRIBUTED_ROOT_CAUSE,8,3,MIXED_NARRATIVE_CONFLICT,MIXED_OR_NEUTRAL,REGULATORY_RISK,AUTO_EVENTS_CONTEXT,70
root_cause_20260729_234656,2026-07-29T23:46:56.709924+00:00,v8.1.0,ROOT_CAUSE_WEAK_OR_DISTRIBUTED,BTC/USDT,4h,3b8dbac4326c2ec5,SHORT,62,TECHNICAL_STRUCTURE_MOMENTUM,BEARISH,LOW,23.51,MEDIUM,WEAK_OR_DISTRIBUTED_ROOT_CAUSE,8,3,MIXED_NARRATIVE_CONFLICT,MIXED_OR_NEUTRAL,REGULATORY_RISK,AUTO_EVENTS_CONTEXT,70
root_cause_20260729_234707,2026-07-29T23:47:07.759230+00:00,v8.1.0,ROOT_CAUSE_WEAK_OR_DISTRIBUTED,BTC/USDT,4h,3b8dbac4326c2ec5,SHORT,62,TECHNICAL_STRUCTURE_MOMENTUM,BEARISH,LOW,23.51,MEDIUM,WEAK_OR_DISTRIBUTED_ROOT_CAUSE,8,3,MIXED_NARRATIVE_CONFLICT,MIXED_OR_NEUTRAL,REGULATORY_RISK,AUTO_EVENTS_CONTEXT,70
root_cause_20260729_234719,2026-07-29T23:47:19.125980+00:00,v8.1.0,ROOT_CAUSE_WEAK_OR_DISTRIBUTED,BTC/USDT,4h,3b8dbac4326c2ec5,SHORT,62,TECHNICAL_STRUCTURE_MOMENTUM,BEARISH,LOW,23.51,MEDIUM,WEAK_OR_DISTRIBUTED_ROOT_CAUSE,8,3,MIXED_NARRATIVE_CONFLICT,MIXED_OR_NEUTRAL,REGULATORY_RISK,AUTO_EVENTS_CONTEXT,70
root_cause_20260730_094458,2026-07-30T09:44:58.974888+00:00,v8.1.0,ROOT_CAUSE_WEAK_OR_DISTRIBUTED,BTC/USDT,4h,03f202b9d1e16a30,NEUTRAL,38,TECHNICAL_STRUCTURE_MOMENTUM,MIXED_OR_NEUTRAL,LOW,32.23,MEDIUM,WEAK_OR_DISTRIBUTED_ROOT_CAUSE,6,3,EVENT_CONTEXT_DOMINANT,MIXED_OR_NEUTRAL,REGULATORY_RISK,AUTO_EVENTS_CONTEXT,71
root_cause_20260730_094506,2026-07-30T09:45:06.618188+00:00,v8.1.0,ROOT_CAUSE_WEAK_OR_DISTRIBUTED,BTC/USDT,4h,03f202b9d1e16a30,NEUTRAL,38,TECHNICAL_STRUCTURE_MOMENTUM,MIXED_OR_NEUTRAL,LOW,32.23,MEDIUM,WEAK_OR_DISTRIBUTED_ROOT_CAUSE,6,3,EVENT_CONTEXT_DOMINANT,MIXED_OR_NEUTRAL,REGULATORY_RISK,AUTO_EVENTS_CONTEXT,71
root_cause_20260730_094519,2026-07-30T09:45:19.202877+00:00,v8.1.0,ROOT_CAUSE_WEAK_OR_DISTRIBUTED,BTC/USDT,4h,03f202b9d1e16a30,NEUTRAL,38,TECHNICAL_STRUCTURE_MOMENTUM,MIXED_OR_NEUTRAL,LOW,32.23,MEDIUM,WEAK_OR_DISTRIBUTED_ROOT_CAUSE,6,3,EVENT_CONTEXT_DOMINANT,MIXED_OR_NEUTRAL,REGULATORY_RISK,AUTO_EVENTS_CONTEXT,71
root_cause_20260730_094530,2026-07-30T09:45:30.755601+00:00,v8.1.0,ROOT_CAUSE_WEAK_OR_DISTRIBUTED,BTC/USDT,4h,03f202b9d1e16a30,NEUTRAL,38,TECHNICAL_STRUCTURE_MOMENTUM,MIXED_OR_NEUTRAL,LOW,32.23,MEDIUM,WEAK_OR_DISTRIBUTED_ROOT_CAUSE,6,3,EVENT_CONTEXT_DOMINANT,MIXED_OR_NEUTRAL,REGULATORY_RISK,AUTO_EVENTS_CONTEXT,71
